index,name,x_px,y_px,z_norm,x_norm,y_norm
0,upper_lip_outer_center,301.56311988830566,207.5558853149414,-0.026339050382375717,0.5026051998138428,0.5405101180076599
1,nose_tip,299.73776936531067,186.3742904663086,-0.061725370585918427,0.49956294894218445,0.48534971475601196
2,nose_base_center,299.9816358089447,192.1625518798828,-0.029667221009731293,0.49996939301490784,0.5004233121871948
3,,293.8003599643707,161.51790618896484,-0.05066664516925812,0.48966726660728455,0.42061954736709595
4,nose_bottom,299.66039657592773,179.06821060180664,-0.06694977730512619,0.4994339942932129,0.46632346510887146
5,,299.6126353740692,168.9843292236328,-0.06406702101230621,0.49935439229011536,0.44006335735321045
6,,299.66779947280884,144.22290802001953,-0.038565751165151596,0.4994463324546814,0.37558048963546753
7,,252.51595973968506,140.51465606689453,0.00836184248328209,0.4208599328994751,0.36592358350753784
8,,299.62844252586365,128.20801162719727,-0.035360321402549744,0.4993807375431061,0.33387503027915955
9,,299.5842933654785,118.90238571166992,-0.04036278650164604,0.49930715560913086,0.30964162945747375
10,forehead_center,299.56709146499634,80.18142700195312,-0.034982357174158096,0.4992784857749939,0.20880579948425293
11,,301.5758514404297,210.16099548339844,-0.024245023727416992,0.5026264190673828,0.5472942590713501
12,,301.48340463638306,212.80982208251953,-0.0199351254850626,0.5024723410606384,0.5541922450065613
13,,301.398503780365,214.55797576904297,-0.013195842504501343,0.5023308396339417,0.5587447285652161
14,,301.35194063186646,214.49691009521484,-0.01133257057517767,0.5022532343864441,0.5585857033729553
15,,301.4037609100342,218.4634780883789,-0.011506755836308002,0.5023396015167236,0.5689153075218201
16,,301.3739347457886,223.3260269165039,-0.01320355013012886,0.502289891242981,0.5815781950950623
17,,301.29414796829224,228.32542419433594,-0.010427869856357574,0.5021569132804871,0.5945974588394165
18,,300.8278012275696,237.30917358398438,0.0024103308096528053,0.501379668712616,0.617992639541626
19,,299.82579946517944,189.72356414794922,-0.05507514625787735,0.4997096657752991,0.4940717816352844
20,,292.9925501346588,188.92581939697266,-0.03862598538398743,0.488320916891098,0.49199432134628296
21,,224.8999536037445,112.31485748291016,0.057026688009500504,0.37483325600624084,0.29248660802841187
22,,270.79920172691345,147.17083740234375,-0.0024812533520162106,0.4513320028781891,0.3832573890686035
23,,264.0062928199768,147.77587509155273,-0.0017650083173066378,0.4400104880332947,0.3848330080509186
24,,257.54878520965576,147.39019775390625,0.0012685352703556418,0.42924797534942627,0.38382863998413086
25,,249.89676475524902,143.03711700439453,0.010709441266953945,0.41649460792541504,0.3724924921989441
26,,276.6562342643738,145.5911521911621,-0.001917458139359951,0.4610937237739563,0.379143625497818
27,,260.32912731170654,128.997802734375,-0.010330992750823498,0.43388187885284424,0.33593177795410156
28,,268.1516468524933,129.8046112060547,-0.01041687373071909,0.44691941142082214,0.3380328416824341
29,,253.40423583984375,129.91427993774414,-0.0062910388223826885,0.42234039306640625,0.33831843733787537
30,,249.2433786392212,132.15388870239258,-0.0010120626538991928,0.41540563106536865,0.34415075182914734
31,,243.72256994247437,147.59535598754883,0.017434261739253998,0.4062042832374573,0.3843629062175751
32,,275.5504310131073,247.8588638305664,0.018697155639529228,0.45925071835517883,0.6454657912254333
33,right_eye_outer_corner,250.3635048866272,138.55823135375977,0.011771650053560734,0.41727250814437866,0.3608287274837494
34,,223.53227734565735,143.61051177978516,0.06901974231004715,0.3725537955760956,0.3739857077598572
35,,236.1125886440277,142.6197509765625,0.028003204613924026,0.3935209810733795,0.37140560150146484
36,,266.340047121048,177.66374588012695,-0.006615595426410437,0.44390007853507996,0.46266600489616394
37,,292.3735499382019,205.82476043701172,-0.024901030585169792,0.4872892498970032,0.536001980304718
38,,293.42533349990845,212.4620590209961,-0.018060000613331795,0.4890422224998474,0.553286612033844
39,,283.5504412651062,208.10032653808594,-0.01754978485405445,0.472584068775177,0.5419279336929321
40,,277.6791036128998,210.73956298828125,-0.008286220952868462,0.46279850602149963,0.5488009452819824
41,,286.4233732223511,212.68807983398438,-0.013275939039885998,0.47737228870391846,0.553875207901001
42,,280.923593044281,213.4211654663086,-0.004926232621073723,0.468205988407135,0.555784285068512
43,,270.60322165489197,222.8708038330078,0.013300012797117233,0.45100536942481995,0.5803927183151245
44,,293.91801953315735,186.09857940673828,-0.06072409078478813,0.4898633658885956,0.4846317172050476
45,,292.96844601631165,179.09478378295898,-0.06555652618408203,0.4882807433605194,0.4663926661014557
46,,238.61340880393982,126.51775360107422,-0.00020153704099357128,0.39768901467323303,0.3294733166694641
47,,279.785817861557,159.29067993164062,-0.012896760366857052,0.46630969643592834,0.41481947898864746
48,,277.97425389289856,182.52366256713867,-0.031566668301820755,0.46329042315483093,0.47532203793525696
49,,277.72432565689087,178.3949432373047,-0.028555966913700104,0.4628738760948181,0.46457016468048096
50,,246.47555351257324,176.55259323120117,0.007710485719144344,0.41079258918762207,0.45977237820625305
51,,293.3325469493866,169.71283721923828,-0.06025538221001625,0.48888757824897766,0.44196051359176636
52,,253.95705699920654,120.88122940063477,-0.02270675264298916,0.42326176166534424,0.3147948682308197
53,,244.6444809436798,122.3400993347168,-0.013150258921086788,0.4077408015727997,0.3185940086841583
54,,230.95144629478455,100.06341934204102,0.03056008368730545,0.38491907715797424,0.2605818212032318
55,,284.8320722579956,128.8392791748047,-0.03172208368778229,0.4747201204299927,0.3355189561843872
56,,275.0445306301117,132.5284194946289,-0.006356900092214346,0.45840755105018616,0.34512609243392944
57,,265.4938280582428,215.93385314941406,0.014560973271727562,0.44248971343040466,0.5623277425765991
58,,233.42413902282715,209.86468505859375,0.1173081174492836,0.3890402317047119,0.5465226173400879
59,,283.0319881439209,186.56447982788086,-0.02617480233311653,0.47171998023986816,0.48584499955177307
60,,288.5588765144348,188.8044548034668,-0.027119556441903114,0.48093146085739136,0.49167826771736145
61,right_mouth_corner,270.7286596298218,215.3880844116211,0.013037296012043953,0.45121443271636963,0.5609064698219299
62,,272.4876880645752,215.26773834228516,0.009677320718765259,0.454146146774292,0.5605930685997009
63,,240.8339560031891,117.40592193603516,-0.008306094445288181,0.4013899266719818,0.30574458837509155
64,,277.7637183666229,185.28864669799805,-0.024349462240934372,0.4629395306110382,0.48252251744270325
65,,267.23055839538574,122.79584884643555,-0.029137859120965004,0.44538426399230957,0.3197808563709259
66,,265.8121168613434,116.91039276123047,-0.03306267783045769,0.44302019476890564,0.30445414781570435
67,,258.745676279068,83.9545726776123,-0.018606670200824738,0.43124279379844666,0.21863169968128204
68,,235.96217036247253,108.50313949584961,0.007884631864726543,0.3932702839374542,0.282560259103775
69,,263.1744682788849,99.04044342041016,-0.027211453765630722,0.4386241137981415,0.2579178214073181
70,,234.73915457725525,122.93827056884766,0.009224859066307545,0.3912319242954254,0.32015174627304077
71,,229.43156361579895,118.12043380737305,0.031184330582618713,0.3823859393596649,0.3076052963733673
72,,292.7629888057709,209.47139739990234,-0.02281753532588482,0.4879383146762848,0.5454984307289124
73,,285.00208854675293,210.62606048583984,-0.015846306458115578,0.4750034809112549,0.5485053658485413
74,,279.2494297027588,212.16343688964844,-0.00755063071846962,0.46541571617126465,0.5525089502334595
75,,284.6262216567993,187.765869140625,-0.023851178586483,0.4743770360946655,0.48897361755371094
76,,271.62652015686035,215.34468841552734,0.011166338808834553,0.4527108669281006,0.5607934594154358
77,,274.9989867210388,216.9814910888672,0.0047986782155931,0.4583316445350647,0.5650559663772583
78,,273.47252368927,215.20706176757812,0.009227873757481575,0.4557875394821167,0.5604350566864014
79,,286.33849024772644,184.91499710083008,-0.04350888729095459,0.47723081707954407,0.481549471616745
80,,282.2212278842926,214.3169403076172,-0.0022703823633491993,0.47036871314048767,0.5581170320510864
81,,287.62868642807007,214.01534271240234,-0.0075263152830302715,0.47938114404678345,0.5573316216468811
82,,294.11541223526,214.2282257080078,-0.011722983792424202,0.49019235372543335,0.557886004447937
83,,291.76851511001587,236.76514434814453,0.0028937433380633593,0.4862808585166931,0.6165758967399597
84,,292.1401619911194,227.93280029296875,-0.009847256354987621,0.486900269985199,0.5935750007629395
85,,292.67717599868774,222.85665893554688,-0.01216888427734375,0.48779529333114624,0.5803558826446533
86,,293.3666467666626,217.9324722290039,-0.010202350094914436,0.488944411277771,0.567532479763031
87,,294.136905670166,214.21751403808594,-0.009871276095509529,0.49022817611694336,0.5578581094741821
88,,282.2126090526581,214.31183624267578,-0.0008887697476893663,0.4703543484210968,0.5581037402153015
89,,280.7118237018585,216.27603149414062,-0.0017755761509761214,0.46785303950309753,0.5632188320159912
90,,279.0165424346924,218.90764617919922,-0.002780613722279668,0.4650275707244873,0.5700719952583313
91,,277.66467332839966,221.8230972290039,-0.00035340292379260063,0.46277445554733276,0.577664315700531
92,,272.4416434764862,204.0428924560547,-0.006089409813284874,0.4540694057941437,0.5313616991043091
93,,225.04257559776306,174.12555313110352,0.1263633519411087,0.3750709593296051,0.4534519612789154
94,,299.86472725868225,190.9156036376953,-0.038807209581136703,0.4997745454311371,0.49717605113983154
95,,278.1549096107483,214.66765594482422,0.0049766674637794495,0.4635915160179138,0.5590303540229797
96,,276.6052186489105,215.73687744140625,0.004447230137884617,0.4610086977481842,0.5618147850036621
97,,290.96914529800415,191.6415138244629,-0.02638961374759674,0.4849485754966736,0.49906644225120544
98,,280.3614377975464,189.29633331298828,-0.01460475567728281,0.46726906299591064,0.492959201335907
99,,289.80669379234314,190.26587677001953,-0.027256077155470848,0.4830111563205719,0.49548405408859253
100,,272.79142141342163,163.39176177978516,-0.007717145141214132,0.4546523690223694,0.4254993796348572
101,,261.85734272003174,168.33681106567383,-0.0034626885317265987,0.43642890453338623,0.43837711215019226
102,,276.63209438323975,181.3004264831543,-0.021174192428588867,0.4610534906387329,0.472136527299881
103,,241.6720747947693,90.29623603820801,0.0038932000752538443,0.4027867913246155,0.2351464480161667
104,,246.6432273387909,101.72966766357422,-0.010935578495264053,0.4110720455646515,0.26492100954055786
105,,251.47724747657776,114.92661666870117,-0.021753385663032532,0.41912874579429626,0.2992880642414093
106,,276.0220527648926,228.16417694091797,0.008809350430965424,0.4600367546081543,0.5941775441169739
107,,282.4203908443451,119.83681869506836,-0.038616281002759933,0.4707006514072418,0.31207504868507385
108,,280.245566368103,98.56036376953125,-0.036271918565034866,0.4670759439468384,0.2566676139831543
109,,277.4461269378662,80.89365577697754,-0.031519073992967606,0.46241021156311035,0.21066056191921234
110,,252.5358259677887,145.8573875427246,0.006168312393128872,0.4208930432796478,0.37983694672584534
111,,236.43266558647156,152.4539337158203,0.02510914020240307,0.39405444264411926,0.39701545238494873
112,,280.48181533813477,144.08160781860352,-0.0007643281714990735,0.4674696922302246,0.37521252036094666
113,,242.6566779613495,134.54530334472656,0.0091901496052742,0.40442779660224915,0.3503783941268921
114,,284.4781994819641,154.76284790039062,-0.01820865459740162,0.4741303324699402,0.4030282497406006
115,,282.09816813468933,180.48640823364258,-0.043853625655174255,0.47016361355781555,0.4700166881084442
116,,229.48193550109863,157.8819465637207,0.03945305570960045,0.38246989250183105,0.41115090250968933
117,,240.7030463218689,157.90232849121094,0.015716271474957466,0.4011717438697815,0.4112039804458618
118,,249.01639223098755,160.98803329467773,0.005557828117161989,0.41502732038497925,0.41923967003822327
119,,261.9005620479584,159.92926025390625,-0.0001793268311303109,0.4365009367465973,0.41648244857788086
120,,271.4637279510498,156.9074249267578,-0.0033057350665330887,0.452439546585083,0.40861308574676514
121,,278.5859763622284,153.75682067871094,-0.007569391280412674,0.464309960603714,0.40040838718414307
122,,293.18021535873413,145.8915252685547,-0.03354205936193466,0.4886336922645569,0.37992584705352783
123,,231.3203752040863,173.10040283203125,0.03963090479373932,0.3855339586734772,0.45078229904174805
124,,237.03707456588745,133.6585922241211,0.014129041694104671,0.39506179094314575,0.3480692505836487
125,,296.2182283401489,189.4530372619629,-0.054383814334869385,0.49369704723358154,0.4933672845363617
126,,280.2451014518738,166.68804931640625,-0.015895191580057144,0.4670751690864563,0.4340834617614746
127,,221.79611921310425,142.00791549682617,0.10924851149320602,0.3696601986885071,0.3698122799396515
128,,283.9805066585541,150.38389205932617,-0.010396803729236126,0.47330084443092346,0.39162471890449524
129,,276.2438714504242,181.34045791625977,-0.008800928480923176,0.46040645241737366,0.47224077582359314
130,,247.41168022155762,138.91211700439453,0.01410484779626131,0.4123528003692627,0.3617503046989441
131,,281.9769859313965,175.4985008239746,-0.04017658904194832,0.46996164321899414,0.4570273458957672
132,,228.1887173652649,191.4920654296875,0.12492962181568146,0.38031452894210815,0.49867725372314453
133,right_eye_inner_corner,280.5928587913513,141.67611694335938,0.001533363712951541,0.4676547646522522,0.36894822120666504
134,,287.48828172683716,171.90716171264648,-0.052567869424819946,0.47914713621139526,0.4476749002933502
135,,247.337543964386,229.09561157226562,0.058660801500082016,0.4122292399406433,0.5966031551361084
136,,247.78672456741333,236.71707916259766,0.0814703032374382,0.4129778742790222,0.6164507269859314
137,,225.70976614952087,174.03963088989258,0.08253456652164459,0.3761829435825348,0.4532282054424286
138,,239.5604968070984,218.58251953125,0.07099302113056183,0.3992674946784973,0.5692253112792969
139,,226.2307047843933,129.6291046142578,0.0531449019908905,0.3770511746406555,0.3375757932662964
140,,273.8890528678894,255.53240203857422,0.027355989441275597,0.4564817547798157,0.6654489636421204
141,,296.96322083473206,190.62737274169922,-0.03799491748213768,0.4949387013912201,0.49642544984817505
142,,274.25758838653564,171.8452377319336,-0.010225016623735428,0.4570959806442261,0.4475136399269104
143,,230.7434856891632,143.47916793823242,0.040144890546798706,0.38457247614860535,0.3736436665058136
144,,258.334618806839,143.19240188598633,0.001757212565280497,0.4305576980113983,0.37289687991142273
145,right_eye_lower_lid,263.90154361724854,143.81678009033203,-0.0011323908111080527,0.43983590602874756,0.374522864818573
146,,273.5948145389557,218.35022735595703,0.006986953318119049,0.45599135756492615,0.5686203837394714
147,,233.34535360336304,187.52059936523438,0.04704876244068146,0.38890892267227173,0.48833489418029785
148,,286.27928495407104,266.0402297973633,0.032769422978162766,0.4771321415901184,0.6928130984306335
149,,265.6568169593811,255.08551025390625,0.05364389717578888,0.4427613615989685,0.6642851829528809
150,,257.23772048950195,247.48342895507812,0.06577233225107193,0.4287295341491699,0.6444880962371826
151,,299.59380626678467,98.73936080932617,-0.038951002061367035,0.4993230104446411,0.25713375210762024
152,chin,301.0968804359436,267.3321304321289,0.02960379049181938,0.501828134059906,0.6961774230003357
153,,269.61023211479187,143.32404327392578,-0.0018666234100237489,0.44935038685798645,0.3732396960258484
154,,275.1582384109497,142.36150360107422,-0.0005685691721737385,0.4585970640182495,0.3707330822944641
155,,278.80945801734924,142.01568603515625,0.001440289430320263,0.4646824300289154,0.36983251571655273
156,,232.5359344482422,131.83764266967773,0.025805635377764702,0.3875598907470703,0.34332719445228577
157,,274.0215003490448,136.8420867919922,-0.0034242921974509954,0.45670250058174133,0.356359601020813
158,,267.9643392562866,135.00123596191406,-0.0059765358455479145,0.44660723209381104,0.35156571865081787
159,right_eye_upper_lid,262.09060549736023,134.6821060180664,-0.005437353625893593,0.4368176758289337,0.3507346510887146
160,,256.6128373146057,135.52927780151367,-0.0022528201807290316,0.4276880621910095,0.3529408276081085
161,,253.44668626785278,136.77948760986328,0.0020849991124123335,0.42241114377975464,0.3561965823173523
162,,222.20883965492249,125.47793197631836,0.08548687398433685,0.3703480660915375,0.3267654478549957
163,,254.8073709011078,141.9203338623047,0.0053017474710941315,0.4246789515018463,0.36958420276641846
164,,300.2090334892273,197.82213592529297,-0.025661027058959007,0.5003483891487122,0.5151618123054504
165,,278.5787522792816,200.0672149658203,-0.01335886586457491,0.46429792046546936,0.5210083723068237
166,,283.016037940979,185.5675163269043,-0.03132009878754616,0.47169339656829834,0.4832487404346466
167,,290.7966434955597,198.11952209472656,-0.0243966206908226,0.4846610724925995,0.5159362554550171
168,,299.6703565120697,135.75385665893555,-0.03233266994357109,0.49945059418678284,0.35352566838264465
169,,255.81178665161133,239.37934112548828,0.04926140606403351,0.42635297775268555,0.6233837008476257
170,,264.4302785396576,247.60272216796875,0.03913271054625511,0.4407171308994293,0.644798755645752
171,,286.0726475715637,260.8658752441406,0.017079127952456474,0.4767877459526062,0.6793382167816162
172,,240.33252596855164,224.9970932006836,0.10051202028989792,0.40055420994758606,0.5859299302101135
173,,278.4743070602417,139.6486930847168,-0.000680958793964237,0.46412384510040283,0.3636684715747833
174,,288.7993633747101,157.47407913208008,-0.03401648625731468,0.48133227229118347,0.41008874773979187
175,,301.0380506515503,262.22852325439453,0.014537793584167957,0.5017300844192505,0.6828867793083191
176,,275.02471804618835,261.6537780761719,0.04099206626415253,0.4583745300769806,0.6813900470733643
177,,228.72000932693481,189.86212921142578,0.08460906893014908,0.38120001554489136,0.49443262815475464
178,,287.65954971313477,214.03102111816406,-0.005886710248887539,0.4794325828552246,0.5573724508285522
179,,286.2643539905548,217.12223052978516,-0.006648664362728596,0.4771072566509247,0.5654224753379822
180,,285.0102961063385,221.06256866455078,-0.007863973267376423,0.47501716017723083,0.5756837725639343
181,,284.072345495224,225.66291046142578,-0.005651829764246941,0.47345390915870667,0.5876638293266296
182,,282.8624188899994,233.14446258544922,0.004295073915272951,0.47143736481666565,0.6071470379829407
183,,276.4821410179138,214.29375457763672,0.0024624045472592115,0.4608035683631897,0.558056652545929
184,,274.8074948787689,213.76984405517578,0.002345728687942028,0.45801249146461487,0.5566923022270203
185,,273.4470069408417,213.0802001953125,0.0021405506413429976,0.45574501156806946,0.554896354675293
186,,267.79682636260986,209.50605010986328,0.0036431087646633387,0.4463280439376831,0.5455886721611023
187,,242.0485496520996,191.87561416625977,0.023881468921899796,0.403414249420166,0.49967607855796814
188,,288.92653584480286,149.80139923095703,-0.025064488872885704,0.48154422640800476,0.39010781049728394
189,,285.2380692958832,137.36877822875977,-0.0081647839397192,0.4753967821598053,0.3577311933040619
190,,281.167870759964,137.75365447998047,-0.0035444716922938824,0.4686131179332733,0.35873347520828247
191,,278.14491391181946,214.7439422607422,0.004150315187871456,0.4635748565196991,0.5592290163040161
192,,241.85407161712646,208.8841781616211,0.04608221352100372,0.40309011936187744,0.5439692139625549
193,,290.7543182373047,137.92325592041016,-0.023620767518877983,0.4845905303955078,0.3591751456260681
194,,279.0737986564636,240.11157989501953,0.012291701510548592,0.4651229977607727,0.62529057264328
195,,299.62658286094666,160.46357345581055,-0.05496605485677719,0.49937763810157776,0.41787388920783997
196,,293.39709877967834,154.01523971557617,-0.04341544210910797,0.48899516463279724,0.4010813534259796
197,,299.6448576450348,152.53536987304688,-0.04644221067428589,0.499408096075058,0.39722752571105957
198,,284.11238193511963,168.8539924621582,-0.031178200617432594,0.4735206365585327,0.439723938703537
199,,300.95075368881226,254.59909057617188,0.006420725025236607,0.5015845894813538,0.6630184650421143
200,,300.87486505508423,245.32450103759766,0.004690494388341904,0.5014581084251404,0.6388658881187439
201,,289.6005392074585,244.50904083251953,0.006880559492856264,0.48266756534576416,0.6367422938346863
202,,263.8005316257477,225.8451919555664,0.021179096773266792,0.43966755270957947,0.5881385207176208
203,,270.966500043869,187.12401580810547,-0.004981741774827242,0.45161083340644836,0.48730212450027466
204,,270.8002030849457,233.92009735107422,0.01741093024611473,0.4513336718082428,0.6091669201850891
205,,256.0037612915039,186.18248748779297,0.00011540029663592577,0.42667293548583984,0.4848502278327942
206,,265.2443468570709,194.50554656982422,-0.001307787257246673,0.44207391142845154,0.5065248608589172
207,,250.79768300056458,197.66425323486328,0.012453239411115646,0.4179961383342743,0.5147506594657898
208,,287.18297481536865,253.38013458251953,0.009351269342005253,0.47863829135894775,0.6598441004753113
209,,280.1367938518524,172.52261352539062,-0.021574711427092552,0.46689465641975403,0.4492776393890381
210,,257.88999795913696,231.3797836303711,0.033858686685562134,0.42981666326522827,0.6025515198707581
211,,266.67383909225464,240.1457061767578,0.028182998299598694,0.44445639848709106,0.6253794431686401
212,,258.43491554260254,216.68911743164062,0.020368997007608414,0.4307248592376709,0.5642945766448975
213,,235.6311321258545,199.7116928100586,0.05432434752583504,0.3927185535430908,0.5200825333595276
214,,250.09469389915466,217.42064666748047,0.032310836017131805,0.41682448983192444,0.5661996006965637
215,,232.77103900909424,204.61067962646484,0.083315409719944,0.38795173168182373,0.5328403115272522
216,,260.4196608066559,203.85653686523438,0.006393085233867168,0.43403276801109314,0.5308763980865479
217,,284.6520245075226,161.93496322631836,-0.024302536621689796,0.47442004084587097,0.4217056334018707
218,,284.22192335128784,183.76551818847656,-0.046124402433633804,0.47370320558547974,0.4785560369491577
219,,280.041629076004,184.99051666259766,-0.032502248883247375,0.4667360484600067,0.4817461371421814
220,,287.13796734809875,179.54395294189453,-0.05558937415480614,0.4785632789134979,0.46756237745285034
221,,279.64112162590027,131.94122314453125,-0.013142875395715237,0.4660685360431671,0.3435969352722168
222,,268.03736686706543,127.48485946655273,-0.016276057809591293,0.4467289447784424,0.3319918215274811
223,,257.941335439682,126.25981521606445,-0.015450036153197289,0.42990222573280334,0.32880160212516785
224,,249.9182939529419,127.18643188476562,-0.010210561566054821,0.4165304899215698,0.33121466636657715
225,,244.79273557662964,129.8119010925293,-0.0022080116905272007,0.40798789262771606,0.33805182576179504
226,,242.39078164100647,140.71246719360352,0.01900298520922661,0.4039846360683441,0.36643871665000916
227,,223.66953492164612,158.69319534301758,0.07646393030881882,0.37278255820274353,0.4132635295391083
228,,247.325599193573,150.86700439453125,0.012227540835738182,0.41220933198928833,0.3928828239440918
229,,253.82103323936462,153.2545394897461,0.005306208971887827,0.42303505539894104,0.3991003632545471
230,,262.76355385780334,153.30698776245117,0.0004976455238647759,0.43793925642967224,0.3992369472980499
231,,271.36409282684326,151.616455078125,-0.0015506038907915354,0.45227348804473877,0.3948345184326172
232,,278.1086325645447,149.4455108642578,-0.0031810912769287825,0.46351438760757446,0.3891810178756714
233,,282.73728489875793,147.43160247802734,-0.004270991776138544,0.47122880816459656,0.38393646478652954
234,right_cheek_outer,223.14090728759766,157.92058181762695,0.12179997563362122,0.3719015121459961,0.4112515151500702
235,,280.2110195159912,186.60638809204102,-0.026295877993106842,0.46701836585998535,0.4859541356563568
236,,288.68241906166077,164.53155899047852,-0.041552599519491196,0.48113736510276794,0.42846760153770447
237,,288.9976680278778,184.71845626831055,-0.055254437029361725,0.481662780046463,0.4810376465320587
238,,292.6098883152008,187.9939842224121,-0.04976370185613632,0.48768314719200134,0.48956766724586487
239,,289.02565240859985,185.57639694213867,-0.04927751049399376,0.48170942068099976,0.48327186703681946
240,,282.1991980075836,188.56024932861328,-0.02174684777855873,0.47033199667930603,0.4910423159599304
241,,293.98906230926514,188.85960388183594,-0.05277373641729355,0.4899817705154419,0.49182188510894775
242,,294.6572721004486,190.05555725097656,-0.038298528641462326,0.4910954535007477,0.49493634700775146
243,,282.853102684021,142.14652633666992,-0.00021844319417141378,0.47142183780670166,0.37017324566841125
244,,286.2673223018646,143.9637451171875,-0.00697366101667285,0.47711220383644104,0.3749055862426758
245,,288.0127787590027,145.4311180114746,-0.015172511339187622,0.48002129793167114,0.37872686982154846
246,,251.69686675071716,137.74172973632812,0.0063253785483539104,0.41949477791786194,0.3587024211883545
247,,246.80410623550415,134.86727142333984,0.006413642317056656,0.4113401770591736,0.3512168526649475
248,,305.53858280181885,161.39117431640625,-0.05071444436907768,0.5092309713363647,0.4202895164489746
249,,348.12870025634766,140.5697364807129,0.00803203135728836,0.5802145004272461,0.3660670220851898
250,,306.78813457489014,188.73876571655273,-0.038620881736278534,0.5113135576248169,0.4915072023868561
251,,376.7534136772156,111.26541137695312,0.05612030625343323,0.6279223561286926,0.28975367546081543
252,,329.0335536003113,146.590576171875,-0.0027684017550200224,0.5483892560005188,0.3817462921142578
253,,336.06348037719727,147.21921157836914,-0.0020767205860465765,0.5601058006286621,0.3833833634853363
254,,342.7857756614685,146.90105438232422,0.0009378435206599534,0.5713096261024475,0.382554829120636
255,,351.2084126472473,143.06171035766602,0.010344274342060089,0.5853473544120789,0.37255653738975525
256,,322.9079604148865,144.94943618774414,-0.00216553988866508,0.5381799340248108,0.37747249007225037
257,,339.92711305618286,128.1680145263672,-0.010687862522900105,0.5665451884269714,0.33377087116241455
258,,331.6795349121094,128.8362579345703,-0.010735279880464077,0.5527992248535156,0.33551108837127686
259,,347.2597360610962,129.35595703125,-0.006671269424259663,0.5787662267684937,0.3368644714355469
260,,351.7488956451416,131.87128829956055,-0.0014016907662153244,0.5862481594085693,0.3434148132801056
261,,357.5597047805786,147.1670265197754,0.017017466947436333,0.5959328413009644,0.3832474648952484
262,,326.31168365478516,247.28228759765625,0.018620312213897705,0.5438528060913086,0.6439642906188965
263,left_eye_outer_corner,350.6134629249573,138.83740997314453,0.011423047631978989,0.5843557715415955,0.3615557551383972
264,,378.727662563324,142.3864631652832,0.06886404752731323,0.6312127709388733,0.3707980811595917
265,,365.5669927597046,142.22812271118164,0.02762896567583084,0.6092783212661743,0.3703857362270355
266,,334.1861128807068,176.9161262512207,-0.007010876201093197,0.556976854801178,0.4607190787792206
267,left_upper_lip_philtrum_ridge,310.6152892112732,205.2146987915039,-0.025035178288817406,0.5176921486854553,0.5344132781028748
268,,309.380042552948,212.01757049560547,-0.01825536973774433,0.5156334042549133,0.5521290898323059
269,,319.3544268608093,206.78849029541016,-0.017773974686861038,0.5322573781013489,0.5385116934776306
270,,324.93696212768555,209.28948211669922,-0.008586090989410877,0.5415616035461426,0.5450246930122375
271,,316.23677015304565,211.80551147460938,-0.013622071593999863,0.5270612835884094,0.5515768527984619
272,,321.52998447418213,212.34235382080078,-0.005277336575090885,0.5358833074569702,0.5529748797416687
273,,331.641161441803,221.9329605102539,0.012926812283694744,0.5527352690696716,0.5779504179954529
274,,305.5968761444092,185.9813575744629,-0.06070595979690552,0.5093281269073486,0.48432645201683044
275,,306.390380859375,178.9262580871582,-0.06559354811906815,0.510650634765625,0.4659537971019745
276,,362.4561667442322,126.2816276550293,-0.0005631533567793667,0.604093611240387,0.3288584053516388
277,,320.188844203949,158.8407325744629,-0.013096551410853863,0.5336480736732483,0.41364774107933044
278,,322.0722198486328,182.00727081298828,-0.031638696789741516,0.5367870330810547,0.473977267742157
279,,322.3708391189575,177.84643936157227,-0.028679978102445602,0.5372847318649292,0.4631417691707611
280,,354.4003486633301,175.44308853149414,0.0071334233507514,0.5906672477722168,0.456883043050766
281,,305.9463858604431,169.5414276123047,-0.060310475528240204,0.5099106431007385,0.44151413440704346
282,left_eyebrow_lower_bend,345.60441970825195,120.10673904418945,-0.023060407489538193,0.5760073661804199,0.31277796626091003
283,,355.63234090805054,121.91721725463867,-0.013616933487355709,0.5927205681800842,0.3174927532672882
284,,370.09674310684204,99.09809875488281,0.029799524694681168,0.6168279051780701,0.2580679655075073
285,left_eyebrow_inner_lower,313.8464570045471,127.93838882446289,-0.03192431107163429,0.5230774283409119,0.33317288756370544
286,,324.4654655456543,131.60871505737305,-0.006598876789212227,0.5407757759094238,0.3427310287952423
287,,336.739182472229,214.82782745361328,0.014191648922860622,0.5612319707870483,0.5594474673271179
288,,369.6719169616699,208.74929809570312,0.11688516288995743,0.6161198616027832,0.5436179637908936
289,,316.9999122619629,186.14604949951172,-0.026164840906858444,0.5283331871032715,0.48475533723831177
290,,311.46451234817505,188.5158348083496,-0.027112701907753944,0.5191075205802917,0.4909266531467438
291,left_mouth_corner,331.2631845474243,214.3802032470703,0.012679786421358585,0.5521053075790405,0.5582817792892456
292,,329.52479124069214,214.24504852294922,0.009332283399999142,0.5492079854011536,0.5579298138618469
293,,359.6776485443115,116.97977828979492,-0.008721087127923965,0.5994627475738525,0.30463483929634094
294,left_nose_wing_tip,322.39766120910645,184.73384857177734,-0.024430807679891586,0.5373294353485107,0.48107773065567017
295,left_eyebrow_upper_bend,331.76368474960327,121.8643684387207,-0.029421286657452583,0.5529394745826721,0.31735512614250183
296,,333.03812742233276,116.00859832763672,-0.0332585945725441,0.5550635457038879,0.30210572481155396
297,,341.08099937438965,83.32662391662598,-0.0191353727132082,0.5684683322906494,0.21699641644954681
298,,364.7340416908264,107.77009963989258,0.007603418081998825,0.6078900694847107,0.2806513011455536
299,,336.40891313552856,98.57059478759766,-0.027342356741428375,0.5606815218925476,0.2566942572593689
300,,366.6518211364746,122.63896179199219,0.00895222183316946,0.611086368560791,0.319372296333313
301,,371.8153953552246,117.35617446899414,0.030910775065422058,0.619692325592041,0.30561503767967224
302,,310.2257251739502,208.9654312133789,-0.022969912737607956,0.517042875289917,0.5441808104515076
303,,317.7949547767639,209.59909057617188,-0.01615484431385994,0.5296582579612732,0.5458309650421143
304,,323.29230308532715,210.9074935913086,-0.007908268831670284,0.5388205051422119,0.5492382645606995
305,,315.3885841369629,187.37377166748047,-0.02386144921183586,0.5256476402282715,0.4879525303840637
306,,330.37394285202026,214.33238983154297,0.010807698592543602,0.5506232380867004,0.5581572651863098
307,,327.0916700363159,215.99347686767578,0.0045087905600667,0.5451527833938599,0.562483012676239
308,,328.51585149765015,214.17855834960938,0.00890751089900732,0.5475264191627502,0.5577566623687744
309,,313.4398341178894,184.62110137939453,-0.04352464899420738,0.5223997235298157,0.4807841181755066
310,,320.07540464401245,213.29340362548828,-0.0025750540662556887,0.5334590077400208,0.5554515719413757
311,,314.83322381973267,213.2211685180664,-0.007825574837625027,0.5247220396995544,0.5552634596824646
312,,308.55478048324585,213.81381225585938,-0.01190286222845316,0.5142579674720764,0.5568068027496338
313,,309.9171280860901,236.59998321533203,0.0026757691521197557,0.5165285468101501,0.6161457896232605
314,,310.23573875427246,227.53587341308594,-0.010004404000937939,0.5170595645904541,0.5925413370132446
315,,309.8266839981079,222.44286346435547,-0.01235870085656643,0.5163778066635132,0.579278290271759
316,,309.18545722961426,217.52762603759766,-0.010403337888419628,0.5153090953826904,0.5664781928062439
317,,308.4198474884033,213.85956573486328,-0.010057162493467331,0.5140330791473389,0.5569259524345398
318,,319.9656844139099,213.44840240478516,-0.001191921648569405,0.5332761406898499,0.5558552145957947
319,,321.45230770111084,215.4126434326172,-0.002057600300759077,0.5357538461685181,0.5609704256057739
320,,323.11517000198364,218.02237701416016,-0.003041041549295187,0.5385252833366394,0.5677666068077087
321,,324.45831298828125,220.92716217041016,-0.0006372102070599794,0.5407638549804688,0.5753311514854431
322,,328.9271950721741,203.21985626220703,-0.006344886962324381,0.5482119917869568,0.5292183756828308
323,,378.00060510635376,172.9299774169922,0.1259375661611557,0.6300010085105896,0.4503384828567505
324,,323.93317222595215,213.72901153564453,0.004655215423554182,0.5398886203765869,0.556585967540741
325,,325.49285888671875,214.77999114990234,0.004151976201683283,0.5424880981445312,0.5593228936195374
326,left_nostril_center,309.17640924453735,191.44256973266602,-0.02643798477947712,0.5152940154075623,0.49854835867881775
327,left_nose_wing_outer,319.9736952781677,188.77985000610352,-0.014709261246025562,0.5332894921302795,0.4916141927242279
328,,310.2747917175293,190.04573822021484,-0.02724943868815899,0.5171246528625488,0.4949107766151428
329,,327.3144006729126,162.80303192138672,-0.0080308448523283,0.545524001121521,0.4239662289619446
330,,338.54684829711914,167.5507049560547,-0.003964514937251806,0.5642447471618652,0.4363299608230591
331,,323.5861301422119,180.73587799072266,-0.021283436566591263,0.5393102169036865,0.4706663489341736
332,,358.7815046310425,89.44975090026855,0.0033098524436354637,0.5979691743850708,0.23294205963611603
333,,353.4927248954773,101.14367294311523,-0.011142962612211704,0.5891545414924622,0.2633949816226959
334,,348.05753231048584,114.21866226196289,-0.022118087857961655,0.5800958871841431,0.2974444329738617
335,,326.02529525756836,227.47311401367188,0.008503109216690063,0.5433754920959473,0.5923779010772705
336,left_eyebrow_inner_upper,316.177761554718,118.80371475219727,-0.038771647959947586,0.52696293592453,0.30938467383384705
337,,319.09539699554443,98.28797149658203,-0.03629680350422859,0.5318256616592407,0.2559582591056824
338,,322.01911211013794,80.53926658630371,-0.03183587267994881,0.5366985201835632,0.20973767340183258
339,,348.1698989868164,145.60126876831055,0.005851998459547758,0.5802831649780273,0.3791699707508087
340,,365.13898372650146,151.76541137695312,0.02470402978360653,0.6085649728775024,0.39522242546081543
341,,318.89230012893677,143.4115447998047,-0.0009471249068155885,0.5314871668815613,0.3734675645828247
342,,358.69778394699097,134.46764373779297,0.008785792626440525,0.5978296399116516,0.3501761555671692
343,,315.36805629730225,154.42080688476562,-0.01838403381407261,0.5256134271621704,0.40213751792907715
344,,317.6725745201111,180.0908432006836,-0.043881166726350784,0.5294542908668518,0.4689865708351135
345,,371.99885845184326,156.6803970336914,0.039108891040086746,0.6199980974197388,0.40802186727523804
346,,360.5411410331726,156.96855926513672,0.01530295517295599,0.6009019017219543,0.4087722897529602
347,,351.73083543777466,159.9081916809082,0.005045883823186159,0.5862180590629578,0.4164275825023651
348,,338.3221507072449,159.10415267944336,-0.0006696482887491584,0.5638702511787415,0.4143337309360504
349,,328.32233905792236,156.32345581054688,-0.00365941459313035,0.5472038984298706,0.4070923328399658
350,,320.87345123291016,153.26713943481445,-0.0077773272059857845,0.5347890853881836,0.39913317561149597
351,,306.27890825271606,145.7519073486328,-0.03365100920200348,0.5104648470878601,0.37956225872039795
352,,370.20403146743774,171.86287307739258,0.03925934061408043,0.6170067191123962,0.44755956530570984
353,,364.4482612609863,133.46146774291992,0.013808301649987698,0.6074137687683105,0.34755590558052063
354,,303.4488558769226,189.36428833007812,-0.05436859279870987,0.5057480931282043,0.4931361675262451
355,,319.8099374771118,166.21053314208984,-0.01605362258851528,0.533016562461853,0.43283993005752563
356,,380.9813976287842,140.74501419067383,0.10846298187971115,0.6349689960479736,0.36652347445487976
357,,315.3004288673401,149.86732864379883,-0.01060501579195261,0.5255007147789001,0.39027950167655945
358,,324.0601658821106,180.7547721862793,-0.009000394493341446,0.5401002764701843,0.47071555256843567
359,,353.88368368148804,139.13386917114258,0.01374486368149519,0.5898061394691467,0.36232778429985046
360,,317.83937215805054,175.06189727783203,-0.04021476209163666,0.5297322869300842,0.45589035749435425
361,,374.936306476593,190.38266372680664,0.12461736798286438,0.624893844127655,0.49578818678855896
362,left_eye_inner_corner,318.7437415122986,140.97338104248047,0.0013788100332021713,0.5312395691871643,0.3671181797981262
363,,311.98357343673706,171.6192741394043,-0.05263102054595947,0.5199726223945618,0.44692519307136536
364,,355.16982078552246,227.97937774658203,0.058451950550079346,0.5919497013092041,0.5936962962150574
365,,354.9299955368042,235.5245590209961,0.08103615790605545,0.5915499925613403,0.613345205783844
366,,376.5935182571411,172.80187225341797,0.082415372133255,0.6276558637619019,0.4500048756599426
367,,363.0087733268738,217.42410278320312,0.07079403847455978,0.6050146222114563,0.5662086009979248
368,,375.5545735359192,128.5957374572754,0.05296620726585388,0.625924289226532,0.33488473296165466
369,,328.0545115470886,254.9106674194336,0.027358269318938255,0.5467575192451477,0.6638298630714417
370,,302.78778076171875,190.54273223876953,-0.037996307015419006,0.5046463012695312,0.49620503187179565
371,,325.95691680908203,171.24801635742188,-0.010477009229362011,0.5432615280151367,0.44595837593078613
372,,371.2372899055481,143.0665054321289,0.03979871794581413,0.6187288165092468,0.3725690245628357
373,,341.76220893859863,142.8032455444336,0.0014243461191654205,0.569603681564331,0.37188345193862915
374,left_eye_lower_lid,336.01605892181396,143.25271224975586,-0.0014610635116696358,0.5600267648696899,0.3730539381504059
375,,328.5353422164917,217.38141632080078,0.006656749173998833,0.5475589036941528,0.5660974383354187
376,,368.4433579444885,186.31466674804688,0.04672960937023163,0.6140722632408142,0.48519444465637207
377,,315.71635007858276,265.60892486572266,0.032631389796733856,0.5261939167976379,0.6916899085044861
378,,336.482298374176,253.96186065673828,0.053246814757585526,0.5608038306236267,0.6613590121269226
379,,345.25383710861206,246.27239227294922,0.06534534692764282,0.5754230618476868,0.6413343548774719
380,,330.1223158836365,142.68524551391602,-0.0021291638258844614,0.5502038598060608,0.3715761601924896
381,,324.3459105491638,141.70319366455078,-0.0007946528494358063,0.5405765175819397,0.3690187335014343
382,,320.5525875091553,141.38250732421875,0.001242307829670608,0.5342543125152588,0.36818361282348633
383,,369.3015933036804,131.40690994262695,0.025512967258691788,0.615502655506134,0.3422054946422577
384,,325.82952976226807,136.17053604125977,-0.0036644970532506704,0.5430492162704468,0.35461077094078064
385,,332.08422660827637,134.31607818603516,-0.00626997509971261,0.553473711013794,0.34978145360946655
386,left_eye_upper_lid,338.17341327667236,134.07774353027344,-0.005772985517978668,0.5636223554611206,0.3491607904434204
387,,343.9226746559143,135.1311264038086,-0.0026391425635665655,0.5732044577598572,0.3519039750099182
388,,347.2790479660034,136.68394088745117,0.0017051678150892258,0.5787984132766724,0.3559477627277374
389,,379.98740673065186,124.28636169433594,0.08462616056203842,0.6333123445510864,0.3236624002456665
390,,345.54505348205566,141.73013305664062,0.004973810166120529,0.5759084224700928,0.36908888816833496
391,,322.4692940711975,199.4267120361328,-0.013503647409379482,0.5374488234519958,0.5193403959274292
392,,316.92588329315186,185.19148635864258,-0.03135537728667259,0.5282098054885864,0.4822694957256317
393,,309.886372089386,197.88668060302734,-0.024477306753396988,0.5164772868156433,0.515329897403717
394,,346.481716632843,238.38269805908203,0.04914409667253494,0.577469527721405,0.6207882761955261
395,,337.7031683921814,246.75631713867188,0.039094578474760056,0.562838613986969,0.642594575881958
396,,315.8276081085205,260.55519104003906,0.01700424775481224,0.5263793468475342,0.6785291433334351
397,,362.6209616661072,223.81171417236328,0.10010475665330887,0.604368269443512,0.582843005657196
398,,321.0386395454407,139.00467681884766,-0.0008947102469392121,0.5350643992424011,0.36199134588241577
399,,310.80740690231323,157.24445343017578,-0.034107062965631485,0.5180123448371887,0.40949076414108276
400,,326.94246768951416,260.79540252685547,0.04068036004900932,0.5449041128158569,0.6791546940803528
401,,373.63765239715576,188.6748390197754,0.08455238491296768,0.6227294206619263,0.4913407266139984
402,,314.7045850753784,213.3607406616211,-0.00612801406532526,0.5245076417922974,0.5556269288063049
403,,316.022264957428,216.40988159179688,-0.006887251511216164,0.5267037749290466,0.5635673999786377
404,,317.272424697876,220.32888793945312,-0.00813524890691042,0.52878737449646,0.5737731456756592
405,,318.19188594818115,224.93964385986328,-0.005951516330242157,0.5303198099136353,0.5857803225517273
406,,318.9621090888977,232.65680694580078,0.004017399158328772,0.5316035151481628,0.6058771014213562
407,,325.7706642150879,213.15914154052734,0.002139371819794178,0.5429511070251465,0.5551019310951233
408,,327.4223327636719,212.55461883544922,0.0020117631647735834,0.5457038879394531,0.5535276532173157
409,,328.8753032684326,211.75907135009766,0.001835269620642066,0.5481255054473877,0.5514559149742126
410,,334.027361869812,208.49471282958984,0.0033188466913998127,0.55671226978302,0.5429549813270569
411,,359.5024108886719,190.70078659057617,0.023394210264086723,0.5991706848144531,0.4966166317462921
412,,310.6868863105774,149.5894317626953,-0.02521830052137375,0.5178114771842957,0.38955581188201904
413,,313.9844298362732,136.5303497314453,-0.008238262496888638,0.5233073830604553,0.35554778575897217
414,,318.1409955024719,136.89710998535156,-0.0036881952546536922,0.5302349925041199,0.356502890586853
415,,324.0337371826172,213.66384887695312,0.0038493750616908073,0.5400562286376953,0.5564162731170654
416,,360.2805018424988,207.67375946044922,0.04578043892979622,0.6004675030708313,0.5408170819282532
417,,308.08650255203247,137.17102432250977,-0.023729082196950912,0.5134775042533875,0.3572162091732025
418,,322.7857232093811,239.5774383544922,0.012054459191858768,0.5379762053489685,0.6238995790481567
419,,305.9977412223816,153.8693389892578,-0.04349261894822121,0.509996235370636,0.4007014036178589
420,,315.68191051483154,168.52429962158203,-0.03125610575079918,0.5261365175247192,0.4388653635978699
421,,312.11167573928833,244.27171325683594,0.006759726442396641,0.5201861262321472,0.6361242532730103
422,,338.26568126678467,224.88805389404297,0.02077656425535679,0.5637761354446411,0.5856459736824036
423,,329.63712215423584,186.3760643005371,-0.005239719524979591,0.5493952035903931,0.48535433411598206
424,,331.21705055236816,233.13031768798828,0.01709854044020176,0.5520284175872803,0.6071102023124695
425,,344.96408700942993,185.2243766784668,-0.0004003233334515244,0.5749401450157166,0.48235514760017395
426,,335.85487604141235,193.64490509033203,-0.001642771763727069,0.5597581267356873,0.504283607006073
427,,350.66317319869995,196.5929946899414,0.011864840984344482,0.5844386219978333,0.5119609236717224
428,,314.5614981651306,253.1133041381836,0.009224660694599152,0.524269163608551,0.6591492295265198
429,left_nasolabial_fold_center,319.9079990386963,172.02239227294922,-0.021710803732275963,0.5331799983978271,0.4479749798774719
430,,344.2477583885193,230.36881256103516,0.03357427567243576,0.5737462639808655,0.599918782711029
431,,335.4082703590393,239.33983612060547,0.02800666354596615,0.5590137839317322,0.6232808232307434
432,left_nasolabial_fold_bottom,343.5816764831543,215.6429672241211,0.019919557496905327,0.5726361274719238,0.5615702271461487
433,,366.46116971969604,198.50299072265625,0.05409296602010727,0.6107686161994934,0.516934871673584
434,,352.02988386154175,216.29580688476562,0.031954023987054825,0.5867164731025696,0.5632703304290771
435,,369.75395679473877,203.44214630126953,0.08322004228830338,0.616256594657898,0.5297972559928894
436,,341.2400722503662,202.83169555664062,0.005968989338725805,0.5687334537506104,0.528207540512085
437,,315.1431083679199,161.61611938476562,-0.024422723799943924,0.5252385139465332,0.42087531089782715
438,,315.54282903671265,183.4188995361328,-0.046138662844896317,0.5259047150611877,0.4776533842086792
439,,319.96443271636963,184.53450393676758,-0.03258303180336952,0.5332740545272827,0.4805586040019989
440,,312.3834013938904,179.2547607421875,-0.05556197836995125,0.5206390023231506,0.4668092727661133
441,,319.5200443267822,131.03039932250977,-0.013280692510306835,0.5325334072113037,0.3412249982357025
442,,331.47822618484497,126.54964828491211,-0.016494406387209892,0.552463710308075,0.3295563757419586
443,,342.0514225959778,125.49576187133789,-0.01578868366777897,0.5700857043266296,0.32681187987327576
444,,350.558066368103,126.72351837158203,-0.010580744594335556,0.5842634439468384,0.3300091624259949
445,,356.2276840209961,129.62267303466797,-0.002545926719903946,0.5937128067016602,0.3375590443611145
446,,359.0634226799011,140.71384048461914,0.018633101135492325,0.5984390377998352,0.3664422929286957
447,,378.5794258117676,157.40760040283203,0.07629352807998657,0.6309657096862793,0.40991562604904175
448,,353.66610288619995,150.3665313720703,0.011753752827644348,0.5894435048103333,0.3915795087814331
449,,346.6908574104309,152.52553939819336,0.004837844055145979,0.5778180956840515,0.39720192551612854
450,,337.3406767845154,152.62336349487305,9.771176701178774e-05,0.5622344613075256,0.39745667576789856
451,,328.43427658081055,151.03468322753906,-0.0018910106737166643,0.5473904609680176,0.3933194875717163
452,,321.4576721191406,148.85393142700195,-0.0034148436971008778,0.5357627868652344,0.38764044642448425
453,,316.687273979187,146.7608528137207,-0.004493820481002331,0.527812123298645,0.38218972086906433
454,left_cheek_outer,379.84721660614014,156.65282821655273,0.12112169712781906,0.6330786943435669,0.4079500734806061
455,,319.8560357093811,186.10377502441406,-0.02636284939944744,0.5330933928489685,0.4846452474594116
456,,310.8245015144348,164.28747940063477,-0.041640643030405045,0.5180408358573914,0.4278319776058197
457,,310.5848550796509,184.4757843017578,-0.05524202808737755,0.5176414251327515,0.48040568828582764
458,,307.1324944496155,187.86334991455078,-0.04971877485513687,0.5118874907493591,0.4892274737358093
459,,310.67909002304077,185.38338088989258,-0.04925640672445297,0.5177984833717346,0.4827692210674286
460,,317.9680109024048,188.07394409179688,-0.021807152777910233,0.5299466848373413,0.4897758960723877
461,,305.7079553604126,188.73216247558594,-0.052756715565919876,0.509513258934021,0.4914900064468384
462,,305.08811473846436,189.91430282592773,-0.038287363946437836,0.5084801912307739,0.49456849694252014
463,,316.3991689682007,141.39382553100586,-0.0003321414114907384,0.5273319482803345,0.36821308732032776
464,,312.99827098846436,143.2426872253418,-0.007127426564693451,0.5216637849807739,0.37302783131599426
465,,311.0607147216797,144.84503173828125,-0.015325254760682583,0.5184345245361328,0.3772006034851074
466,,349.16592836380005,137.86033630371094,0.0059381695464253426,0.5819432139396667,0.35901129245758057
467,,354.41744327545166,134.91186904907227,0.0060744755901396275,0.5906957387924194,0.35133299231529236
468,right_iris_center,264.1112208366394,137.89362716674805,0.0010773086687549949,0.4401853680610657,0.35909798741340637
469,,270.5586612224579,137.86495971679688,0.0010773086687549949,0.4509311020374298,0.3590233325958252
470,,264.0059173107147,132.0263328552246,0.0010773086687549949,0.44000986218452454,0.3438185751438141
471,,257.52602219581604,137.93431091308594,0.0010773086687549949,0.42921003699302673,0.35920393466949463
472,,264.1218066215515,143.82036209106445,0.0010773086687549949,0.4402030110359192,0.37453219294548035
473,left_iris_center,336.61755323410034,138.06202697753906,0.000780718692112714,0.5610292553901672,0.3595365285873413
474,,343.5741662979126,137.99808883666992,0.000780718692112714,0.572623610496521,0.35937002301216125
475,,336.5718483924866,132.19168853759766,0.000780718692112714,0.5609530806541443,0.3442491888999939
476,,329.71272468566895,138.10565185546875,0.000780718692112714,0.5495212078094482,0.3596501350402832
477,,336.73317432403564,144.02661895751953,0.000780718692112714,0.5612219572067261,0.3750693202018738
