index,x_px,y_px,z_norm,x_norm,y_norm
0,267.67230224609375,272.2333073616028,-0.04007386043667793,0.5227974653244019,0.45372217893600464
1,267.7619934082031,245.9682047367096,-0.08319243788719177,0.5229726433753967,0.409947007894516
2,267.77276611328125,252.60055661201477,-0.0418008416891098,0.5229936838150024,0.4210009276866913
3,259.4541015625,218.04914474487305,-0.06448736041784286,0.5067462921142578,0.3634152412414551
4,267.5366516113281,237.8029704093933,-0.08934065699577332,0.5225325226783752,0.3963382840156555
5,267.0572814941406,226.39120817184448,-0.08393919467926025,0.5215962529182434,0.37731868028640747
6,265.7632141113281,198.36310744285583,-0.044039204716682434,0.5190687775611877,0.3306051790714264
7,208.4595489501953,195.48881649971008,0.01806814782321453,0.4071475565433502,0.32581469416618347
8,265.0386047363281,178.4524440765381,-0.03524037078022957,0.5176535248756409,0.2974207401275635
9,264.7907409667969,168.28696131706238,-0.039545346051454544,0.5171694159507751,0.28047826886177063
10,264.3143005371094,132.7712595462799,-0.026046784594655037,0.5162388682365417,0.22128543257713318
11,267.71270751953125,274.9068796634674,-0.037208009511232376,0.5228763818740845,0.4581781327724457
12,267.69842529296875,277.469265460968,-0.03146246075630188,0.5228484869003296,0.46244877576828003
13,267.7483215332031,279.1024446487427,-0.022711599245667458,0.5229459404945374,0.4651707410812378
14,267.6988525390625,279.0543794631958,-0.025660879909992218,0.5228493213653564,0.46509063243865967
15,267.84527587890625,282.7595829963684,-0.026822704821825027,0.5231353044509888,0.471265971660614
16,267.93402099609375,287.2935712337494,-0.03063998743891716,0.5233086347579956,0.47882261872291565
17,268.0067443847656,291.93368554115295,-0.029419071972370148,0.5234506726264954,0.48655614256858826
18,268.9450378417969,297.6512610912323,-0.015409942716360092,0.5252832770347595,0.49608543515205383
19,267.7984313964844,249.71272945404053,-0.07457532733678818,0.5230438113212585,0.4161878824234009
20,259.1847839355469,249.19170141220093,-0.0525558665394783,0.506220281124115,0.4153195023536682
21,176.91726684570312,168.48371028900146,0.0894021987915039,0.3455415368080139,0.28080618381500244
22,233.3925323486328,200.12022256851196,0.0022947259712964296,0.45584478974342346,0.33353370428085327
23,225.1073760986328,201.79011225700378,0.003440937725827098,0.4396628439426422,0.336316853761673
24,216.796142578125,202.44262218475342,0.00775400223210454,0.4234299659729004,0.33740437030792236
25,205.62860107421875,198.40627312660217,0.0206533782184124,0.4016183614730835,0.3306771218776703
26,240.1505584716797,197.76504635810852,0.003916162997484207,0.4690440595149994,0.32960841059684753
27,217.06675720214844,180.38864135742188,-0.0049432795494794846,0.42395851016044617,0.3006477355957031
28,226.98365783691406,180.18903136253357,-0.004765523597598076,0.4433274567127228,0.3003150522708893
29,208.71463012695312,182.75359869003296,0.00017000582010950893,0.4076457619667053,0.30458933115005493
30,203.75071716308594,186.31351590156555,0.006691956426948309,0.3979506194591522,0.31052252650260925
31,199.39308166503906,203.95628213882446,0.028939804062247276,0.3894396126270294,0.33992713689804077
32,237.71603393554688,312.55130767822266,0.006799527909606695,0.464289128780365,0.5209188461303711
33,205.0196990966797,193.3838188648224,0.022853469476103783,0.4004290997982025,0.322306364774704
34,175.2878875732422,201.50672793388367,0.09897724539041519,0.34235915541648865,0.3358445465564728
35,189.36932373046875,198.85071516036987,0.044254712760448456,0.3698619604110718,0.33141785860061646
36,226.6906280517578,237.04158067703247,-0.009268419817090034,0.4427551329135895,0.39506930112838745
37,256.83294677734375,270.63817977905273,-0.03832783177495003,0.5016268491744995,0.4510636329650879
38,258.3112487792969,277.24220752716064,-0.0292452834546566,0.5045141577720642,0.4620703458786011
39,246.70025634765625,272.7927088737488,-0.028944524005055428,0.4818364381790161,0.4546545147895813
40,240.1072998046875,275.55288076400757,-0.017627665773034096,0.4689595699310303,0.45925480127334595
41,250.21044921875,277.460914850235,-0.02326587401330471,0.4886922836303711,0.462434858083725
42,243.8737335205078,278.20411920547485,-0.013121073134243488,0.4763158857822418,0.46367353200912476
43,231.62269592285156,286.43415570259094,0.006046638824045658,0.45238807797431946,0.47739025950431824
44,260.5263671875,245.93834280967712,-0.08180487900972366,0.5088405609130859,0.40989723801612854
45,259.18133544921875,238.1389617919922,-0.08744880557060242,0.5062135457992554,0.3968982696533203
46,192.40423583984375,182.06622004508972,0.009995637461543083,0.3757895231246948,0.30344370007514954
47,242.22201538085938,216.1186158657074,-0.013635185547173023,0.47308987379074097,0.36019769310951233
48,240.88479614257812,242.71729588508606,-0.04237864539027214,0.4704781174659729,0.40452882647514343
49,240.38177490234375,238.16834092140198,-0.03791888430714607,0.46949565410614014,0.3969472348690033
50,203.53021240234375,236.19167804718018,0.010786986909806728,0.39751994609832764,0.3936527967453003
51,259.31829833984375,227.4791121482849,-0.078933946788311,0.5064810514450073,0.37913185358047485
52,210.4997100830078,173.4074056148529,-0.018279340118169785,0.41113224625587463,0.2890123426914215
53,199.47531127929688,176.5905261039734,-0.0057202535681426525,0.3896002173423767,0.2943175435066223
54,183.9647979736328,155.51571249961853,0.0565866194665432,0.3593062460422516,0.2591928541660309
55,247.70033264160156,178.13000679016113,-0.03051549382507801,0.48378971219062805,0.29688334465026855
56,235.79226684570312,182.60446786880493,0.00025423415354453027,0.4605317711830139,0.30434077978134155
57,225.26683044433594,280.1044285297394,0.010293327271938324,0.43997427821159363,0.4668407142162323
58,185.6284942626953,273.4527826309204,0.14901508390903473,0.3625556528568268,0.4557546377182007
59,246.94967651367188,246.9667375087738,-0.035859644412994385,0.4823235869407654,0.4116112291812897
60,253.57650756835938,249.2797315120697,-0.03726542368531227,0.4952666163444519,0.41546621918678284
61,232.3952178955078,280.62105774879456,0.008341415785253048,0.4538969099521637,0.4677017629146576
62,234.4332733154297,280.3860068321228,0.0036715753376483917,0.4578774869441986,0.46731001138687134
63,194.99693298339844,171.78583145141602,0.0015501956222578883,0.3808533847332001,0.28630971908569336
64,240.66981506347656,245.91658115386963,-0.033241741359233856,0.47005823254585266,0.4098609685897827
65,226.32403564453125,173.3712136745453,-0.026706518605351448,0.4420391321182251,0.2889520227909088
66,224.1576385498047,167.03546047210693,-0.030629241839051247,0.4378078877925873,0.2783924341201782
67,216.37530517578125,138.0276381969452,-0.005872545298188925,0.42260801792144775,0.23004606366157532
68,189.6044921875,163.178551197052,0.025082185864448547,0.37032127380371094,0.27196425199508667
69,221.1186065673828,152.2087275981903,-0.01913268119096756,0.43187227845191956,0.2536812126636505
70,187.5257110595703,178.06144952774048,0.023392153903841972,0.36626115441322327,0.29676908254623413
71,182.3917999267578,173.63725304603577,0.05426102876663208,0.35623398423194885,0.28939542174339294
72,257.3826599121094,274.33775067329407,-0.035603247582912445,0.5027005076408386,0.4572295844554901
73,248.49012756347656,275.39656162261963,-0.026808517053723335,0.48533228039741516,0.4589942693710327
74,241.96490478515625,276.9699275493622,-0.016651632264256477,0.4725877046585083,0.46161654591560364
75,248.91578674316406,248.3067512512207,-0.032551102340221405,0.4861636459827423,0.41384458541870117
76,233.4307403564453,280.5272340774536,0.005839822348207235,0.45591941475868225,0.46754539012908936
77,237.3181915283203,281.97378516197205,-0.00463414890691638,0.4635120928287506,0.46995630860328674
78,235.5606231689453,280.25248646736145,0.0030798057559877634,0.4600793421268463,0.4670874774456024
79,251.12127685546875,244.93228197097778,-0.05850685387849808,0.4904712438583374,0.40822046995162964
80,245.37452697753906,279.0497660636902,-0.009692837484180927,0.479247123003006,0.46508294343948364
81,251.6745147705078,278.77458930015564,-0.015864050015807152,0.49155178666114807,0.4646243155002594
82,259.25396728515625,278.93895506858826,-0.021016959100961685,0.5063554048538208,0.4648982584476471
83,258.28790283203125,297.57113456726074,-0.0145758967846632,0.504468560218811,0.49595189094543457
84,257.50811767578125,291.83029532432556,-0.028414949774742126,0.5029455423355103,0.4863838255405426
85,257.9402160644531,287.0961606502533,-0.029521621763706207,0.503789484500885,0.4784936010837555
86,258.6034240722656,282.47491121292114,-0.02528279274702072,0.5050848126411438,0.4707915186882019
87,259.4034118652344,278.9714992046356,-0.023925844579935074,0.5066472887992859,0.4649524986743927
88,245.58956909179688,279.27330136299133,-0.011766812764108181,0.47966712713241577,0.4654555022716522
89,243.94590759277344,281.17108941078186,-0.013842098414897919,0.4764568507671356,0.4686184823513031
90,242.08599853515625,283.61844420433044,-0.016393931582570076,0.47282421588897705,0.4726974070072174
91,240.5780792236328,286.2754225730896,-0.01372468564659357,0.46987906098365784,0.47712570428848267
92,233.9908905029297,266.8402075767517,-0.013706464320421219,0.45701345801353455,0.4447336792945862
93,176.6862335205078,234.05553102493286,0.16802653670310974,0.3450902998447418,0.39009255170822144
94,267.7641906738281,251.1091947555542,-0.053056374192237854,0.5229769349098206,0.41851532459259033
95,240.81881713867188,279.7105014324188,-0.0035568480379879475,0.4703492522239685,0.46618416905403137
96,239.11512756347656,280.7742118835449,-0.004831963684409857,0.46702173352241516,0.4679570198059082
97,256.6097106933594,252.40128636360168,-0.03776480630040169,0.5011908411979675,0.4206688106060028
98,243.77407836914062,250.3268301486969,-0.021460790187120438,0.4761212468147278,0.4172113835811615
99,255.13047790527344,250.89218616485596,-0.03787272050976753,0.4983017146587372,0.41815364360809326
100,234.22445678710938,220.94491124153137,-0.007590623572468758,0.457469642162323,0.3682415187358856
101,221.4960174560547,226.7339050769806,-0.002500106580555439,0.4326094090938568,0.37788984179496765
102,239.16590881347656,241.49723052978516,-0.028568431735038757,0.4671209156513214,0.4024953842163086
103,196.28842163085938,145.06122171878815,0.02271556667983532,0.3833758234977722,0.2417687028646469
104,201.7503204345703,155.71029782295227,0.0013770863879472017,0.39404359459877014,0.2595171630382538
105,207.26365661621094,167.3060953617096,-0.01588350534439087,0.404811829328537,0.278843492269516
106,238.52911376953125,290.98371863365173,-0.0024793094489723444,0.4658771753311157,0.48497286438941956
107,244.04026794433594,168.0389106273651,-0.03783964365720749,0.47664114832878113,0.2800648510456085
108,241.5509796142578,151.31415724754333,-0.03063865192234516,0.4717792570590973,0.2521902620792389
109,238.39144897460938,134.35712456703186,-0.022220982238650322,0.46560829877853394,0.2239285409450531
110,209.74423217773438,201.38012766838074,0.01449664682149887,0.40965670347213745,0.3356335461139679
111,191.02520751953125,209.99760031700134,0.03834686428308487,0.3730961084365845,0.34999600052833557
112,244.1922149658203,195.81672549247742,0.006019424647092819,0.4769379198551178,0.32636120915412903
113,196.59352111816406,190.06585478782654,0.02004867047071457,0.3839717209339142,0.31677642464637756
114,247.61009216308594,210.88855862617493,-0.019897321239113808,0.4836134612560272,0.3514809310436249
115,245.89686584472656,240.18890261650085,-0.058488793671131134,0.48026731610298157,0.4003148376941681
116,182.8934326171875,216.5383815765381,0.05648915469646454,0.35721373558044434,0.3608973026275635
117,197.3435516357422,215.91020822525024,0.024572525173425674,0.38543662428855896,0.35985034704208374
118,208.14181518554688,218.93790364265442,0.010193867608904839,0.40652698278427124,0.3648965060710907
119,223.62872314453125,216.6172206401825,0.0030296624172478914,0.4367748498916626,0.3610287010669708
120,234.76744079589844,212.23599314689636,-0.0007383701740764081,0.45853015780448914,0.35372665524482727
121,242.63479614257812,208.2022190093994,-0.005373241379857063,0.4738960862159729,0.347003698348999
122,257.920654296875,200.4919946193695,-0.037670623511075974,0.503751277923584,0.33415332436561584
123,185.3765869140625,232.91666507720947,0.053900837898254395,0.3620636463165283,0.3881944417953491
124,190.1310272216797,189.3263876438141,0.027408694848418236,0.37134966254234314,0.3155439794063568
125,263.3114013671875,249.5653510093689,-0.07364858686923981,0.5142800807952881,0.4159422516822815
126,243.0452880859375,224.54549074172974,-0.01920127682387829,0.4746978282928467,0.37424248456954956
127,173.00889587402344,199.8862624168396,0.15212109684944153,0.337907999753952,0.33314377069473267
128,248.51092529296875,204.18577194213867,-0.00808839313685894,0.4853729009628296,0.34030961990356445
129,238.67889404296875,241.51679277420044,-0.012637828476727009,0.46616971492767334,0.40252798795700073
130,201.9827117919922,194.22143697738647,0.02571713924407959,0.39449748396873474,0.3237023949623108
131,245.55221557617188,234.61976051330566,-0.052932169288396835,0.4795941710472107,0.3910329341888428
132,180.1357879638672,253.11870574951172,0.1627407968044281,0.3518277108669281,0.42186450958251953
133,243.5543975830078,193.08419823646545,0.009769739583134651,0.47569218277931213,0.32180699706077576
134,252.1627655029297,230.23120164871216,-0.06907109916210175,0.49250540137290955,0.38371866941452026
135,201.4818572998047,294.6623146533966,0.0659106895327568,0.39351925253868103,0.491103857755661
136,201.63124084472656,303.2546281814575,0.09551728516817093,0.39381101727485657,0.5054243803024292
137,178.0993194580078,234.07448530197144,0.11085755378007889,0.3478502333164215,0.3901241421699524
138,192.5219268798828,283.1172823905945,0.08521032333374023,0.3760193884372711,0.47186213731765747
139,178.50221252441406,186.28504872322083,0.08106084167957306,0.3486371338367462,0.31047508120536804
140,235.377197265625,321.792733669281,0.017265750095248222,0.45972108840942383,0.536321222782135
141,264.136962890625,250.91235637664795,-0.05198244750499725,0.515892505645752,0.4181872606277466
142,236.06820678710938,230.540531873703,-0.012678610160946846,0.461070716381073,0.384234219789505
143,182.8594970703125,199.79921579360962,0.06034060940146446,0.3571474552154541,0.33299869298934937
144,217.23941040039062,197.6689875125885,0.008939133957028389,0.42429572343826294,0.32944831252098083
145,224.67825317382812,197.2538709640503,0.005083846859633923,0.43882471323013306,0.3287564516067505
146,235.74465942382812,283.3036422729492,-0.001735239289700985,0.4604387879371643,0.47217273712158203
147,187.42190551757812,248.55490922927856,0.06095799431204796,0.3660584092140198,0.4142581820487976
148,251.4365692138672,332.946252822876,0.023087386041879654,0.49108704924583435,0.55491042137146
149,224.6241455078125,322.11177349090576,0.05412410944700241,0.4387190341949463,0.5368529558181763
150,213.52171325683594,314.5179748535156,0.07227955013513565,0.4170345962047577,0.5241966247558594
151,264.58795166015625,150.74828267097473,-0.0339411124587059,0.5167733430862427,0.2512471377849579
152,270.3194885253906,333.6004614830017,0.018560083582997322,0.5279677510261536,0.5560007691383362
153,231.6984100341797,195.78073024749756,0.004385430831462145,0.4525359570980072,0.3263012170791626
154,238.2097625732422,194.00859475135803,0.006468392442911863,0.46525344252586365,0.32334765791893005
155,242.0983428955078,193.39179396629333,0.009538812562823296,0.4728483259677887,0.3223196566104889
156,184.46560668945312,187.06941604614258,0.04346681758761406,0.36028438806533813,0.3117823600769043
157,234.9749298095703,187.43265867233276,0.003595326328650117,0.458935409784317,0.31238776445388794
158,227.1901092529297,185.4584276676178,0.0006065095658414066,0.4437306821346283,0.30909737944602966
159,219.58517456054688,185.8351171016693,0.0012534711277112365,0.4288772940635681,0.30972519516944885
160,212.56600952148438,187.91272044181824,0.0050707608461380005,0.41516798734664917,0.3131878674030304
161,208.63272094726562,190.34228324890137,0.010297137312591076,0.4074857831001282,0.31723713874816895
162,173.52903747558594,182.43504166603088,0.12427504360675812,0.3389239013195038,0.30405840277671814
163,212.09803771972656,196.85218334197998,0.013821259140968323,0.41425397992134094,0.3280869722366333
164,268.0011291503906,258.91367197036743,-0.03790099173784256,0.5234397053718567,0.43152278661727905
165,241.43150329589844,262.3228132724762,-0.02238408289849758,0.47154590487480164,0.4372046887874603
166,246.97718811035156,245.7993507385254,-0.04218092933297157,0.4823773205280304,0.409665584564209
167,256.4916687011719,259.66973304748535,-0.03671138733625412,0.5009602904319763,0.4327828884124756
168,265.3793640136719,188.26248049736023,-0.03348837420344353,0.5183190703392029,0.3137708008289337
169,211.95684814453125,305.48436641693115,0.050703439861536026,0.4139782190322876,0.5091406106948853
170,222.96212768554688,313.91608715057373,0.034894999116659164,0.43547290563583374,0.5231934785842896
171,251.03599548339844,326.91625356674194,0.0019400881137698889,0.4903046786785126,0.5448604226112366
172,192.99855041503906,290.27915596961975,0.12399878352880478,0.37695029377937317,0.4837985932826996
173,240.70611572265625,190.83173274993896,0.007166972383856773,0.470129132270813,0.31805288791656494
174,253.03790283203125,213.78235816955566,-0.0413811132311821,0.49421465396881104,0.3563039302825928
175,270.05535888671875,327.68393754959106,-0.0019162308890372515,0.5274518728256226,0.5461398959159851
176,236.87744140625,328.68858575820923,0.035418424755334854,0.46265125274658203,0.5478143095970154
177,181.23016357421875,251.32248401641846,0.11032356321811676,0.353965163230896,0.41887080669403076
178,251.90798950195312,278.92820835113525,-0.018511835485696793,0.4920077919960022,0.4648803472518921
179,250.4228057861328,281.85356855392456,-0.020570270717144012,0.48910704255104065,0.46975594758987427
180,249.0780487060547,285.5151414871216,-0.02375911734998226,0.48648056387901306,0.47585856914520264
181,248.13616943359375,289.7318959236145,-0.022120090201497078,0.4846409559249878,0.48288649320602417
182,247.29612731933594,294.98528838157654,-0.01067365612834692,0.483000248670578,0.49164214730262756
183,238.78067016601562,279.19009923934937,-0.004276901017874479,0.46636849641799927,0.4653168320655823
184,236.95822143554688,278.7443697452545,-0.004473445005714893,0.4628090262413025,0.4645739495754242
185,235.3553924560547,278.097403049469,-0.004655133932828903,0.4596785008907318,0.463495671749115
186,228.36703491210938,273.0341970920563,-0.0020671214442700148,0.4460293650627136,0.4550569951534271
187,197.9401397705078,253.03090810775757,0.029362790286540985,0.38660183548927307,0.42171818017959595
188,252.84153747558594,205.14959692955017,-0.02761685848236084,0.4938311278820038,0.3419159948825836
189,248.8326416015625,187.96159029006958,-0.0019874766003340483,0.48600125312805176,0.31326931715011597
190,243.7879180908203,188.36923241615295,0.00403617974370718,0.4761482775211334,0.31394872069358826
191,240.69837951660156,279.55209016799927,-0.0023553860373795033,0.4701140224933624,0.4659201502799988
192,196.28579711914062,272.0565676689148,0.05457095056772232,0.38337069749832153,0.45342761278152466
193,255.30126953125,188.7542188167572,-0.022503452375531197,0.49863529205322266,0.31459036469459534
194,242.2912139892578,303.4749984741211,-0.0012231640284880996,0.47322502732276917,0.5057916641235352
195,266.5947265625,216.63490533828735,-0.07002866268157959,0.5206928253173828,0.36105817556381226
196,258.5298767089844,209.60370898246765,-0.052799154072999954,0.5049411654472351,0.3493395149707794
197,266.1721496582031,207.67443180084229,-0.05660110339522362,0.519867479801178,0.3461240530014038
198,247.89292907714844,226.8669068813324,-0.0397040881216526,0.48416587710380554,0.37811151146888733
199,269.63653564453125,318.35803985595703,-0.011916509829461575,0.5266338586807251,0.5305967330932617
200,269.22613525390625,307.2804808616638,-0.013180348090827465,0.5258322954177856,0.5121341347694397
201,255.58030700683594,307.04702138900757,-0.010035809129476547,0.49918028712272644,0.511745035648346
202,222.7149658203125,290.05910754203796,0.01585773006081581,0.43499016761779785,0.4834318459033966
203,232.1084442138672,247.92276620864868,-0.008788191713392735,0.45333680510520935,0.4132046103477478
204,231.50775146484375,297.93235659599304,0.007734724786132574,0.45216357707977295,0.4965539276599884
205,214.4881591796875,246.56243920326233,-0.0022455272264778614,0.41892218589782715,0.4109373986721039
206,225.22300720214844,255.96397519111633,-0.005782124120742083,0.43988868594169617,0.4266066253185272
207,207.94125366210938,259.3762993812561,0.011726677417755127,0.4061352610588074,0.4322938323020935
208,252.52012634277344,317.7020788192749,-0.007543394807726145,0.49320337176322937,0.5295034646987915
209,243.1728973388672,231.27241730690002,-0.027700185775756836,0.474947065114975,0.3854540288448334
210,214.968017578125,296.39893770217896,0.031741488724946976,0.4198594093322754,0.4939982295036316
211,226.0294189453125,305.2114248275757,0.021364914253354073,0.4414637088775635,0.5086857080459595
212,216.23902893066406,280.6852340698242,0.017846601083874702,0.42234185338020325,0.46780872344970703
213,189.35610961914062,261.99072003364563,0.06787490844726562,0.36983615159988403,0.43665120005607605
214,205.7047882080078,281.4944565296173,0.033770039677619934,0.40176716446876526,0.4691574275493622
215,185.19126892089844,267.6083743572235,0.10512293130159378,0.36170169711112976,0.4460139572620392
216,219.3451690673828,266.4769113063812,0.002810649573802948,0.42840853333473206,0.4441281855106354
217,248.1780242919922,219.0171182155609,-0.029505783692002296,0.48472270369529724,0.3650285303592682
218,248.5768280029297,243.75075101852417,-0.061811283230781555,0.48550161719322205,0.4062512516975403
219,243.4486083984375,245.3440546989441,-0.04397157207131386,0.47548556327819824,0.4089067578315735
220,251.9908905029297,238.94015550613403,-0.0737147331237793,0.49216970801353455,0.3982335925102234
221,241.5364532470703,181.91370964050293,-0.007776839658617973,0.4717508852481842,0.3031895160675049
222,227.07025146484375,178.29567790031433,-0.011341887526214123,0.44349658489227295,0.29715946316719055
223,214.69358825683594,178.46181392669678,-0.010530093684792519,0.4193234145641327,0.29743635654449463
224,205.11715698242188,180.79140186309814,-0.003991757985204458,0.4006194472312927,0.3013190031051636
225,199.00799560546875,184.68266129493713,0.006058304570615292,0.38868749141693115,0.3078044354915619
226,196.60391235351562,196.68627977371216,0.03225066885352135,0.3839920163154602,0.32781046628952026
227,175.67135620117188,217.593652009964,0.1056106686592102,0.3431081175804138,0.3626560866832733
228,204.34043884277344,207.38866925239563,0.021124353632330894,0.39910241961479187,0.34564778208732605
229,213.0694580078125,209.48513746261597,0.011600632220506668,0.4161512851715088,0.3491418957710266
230,224.16552734375,208.4483027458191,0.005147948861122131,0.4378232955932617,0.3474138379096985
231,234.30247497558594,205.49628138542175,0.002214777981862426,0.4576220214366913,0.34249380230903625
232,241.86203002929688,202.47289538383484,0.0014415825717151165,0.47238677740097046,0.33745482563972473
233,246.92869567871094,200.06884932518005,0.0003448477655183524,0.4822826087474823,0.3334480822086334
234,174.59921264648438,216.72921180725098,0.16538739204406738,0.3410140872001648,0.36121535301208496
235,243.65115356445312,247.23191857337952,-0.03588636964559555,0.4758811593055725,0.4120531976222992
236,253.29837036132812,221.71390056610107,-0.05292671546339989,0.494723379611969,0.36952316761016846
237,254.3591766357422,244.6688175201416,-0.07424363493919373,0.49679526686668396,0.40778136253356934
238,258.7629089355469,248.17872047424316,-0.06731695681810379,0.50539630651474,0.4136312007904053
239,254.4056396484375,245.6102192401886,-0.06634306907653809,0.4968860149383545,0.40935036540031433
240,246.0916748046875,249.3723750114441,-0.030319271609187126,0.4806478023529053,0.4156206250190735
241,260.530517578125,249.0534245967865,-0.0714537501335144,0.5088486671447754,0.41508904099464417
242,261.25732421875,250.37927627563477,-0.05224543437361717,0.5102682113647461,0.4172987937927246
243,246.40284729003906,193.5725748538971,0.007458875421434641,0.48125556111335754,0.3226209580898285
244,250.61610412597656,195.89465260505676,-0.0019316468387842178,0.489484578371048,0.3264910876750946
245,252.7615966796875,198.14953207969666,-0.012937904335558414,0.49367499351501465,0.33024922013282776
246,206.5261688232422,192.10141897201538,0.015721924602985382,0.4033714234828949,0.32016903162002563
247,201.03787231445312,189.92008566856384,0.016036033630371094,0.39265209436416626,0.31653347611427307
248,273.7314758300781,217.39867329597473,-0.06435751914978027,0.5346317887306213,0.3623311221599579
249,320.6145935058594,189.90749716758728,0.018347663804888725,0.6262003779411316,0.31651249527931213
250,276.1981201171875,248.3685314655304,-0.052427347749471664,0.5394494533538818,0.41394755244255066
251,351.0873718261719,161.25481724739075,0.08955518901348114,0.6857175230979919,0.26875802874565125
252,298.9127502441406,197.16968536376953,0.002481586067005992,0.5838139653205872,0.3286161422729492
253,306.4665222167969,197.41491079330444,0.003663688665255904,0.5985674262046814,0.3290248513221741
254,313.92291259765625,197.3000943660736,0.008046234026551247,0.6131306886672974,0.3288334906101227
255,324.0400390625,193.2153582572937,0.020934347063302994,0.6328907012939453,0.3220255970954895
256,292.4126281738281,196.1816668510437,0.004025563132017851,0.5711184144020081,0.3269694447517395
257,310.6249084472656,175.91130137443542,-0.004688357934355736,0.6066892743110657,0.2931855022907257
258,301.4070129394531,177.05227732658386,-0.004575585480779409,0.5886855721473694,0.29508712887763977
259,319.02606201171875,177.1685242652893,0.0004439493059180677,0.6230977773666382,0.2952808737754822
260,324.3071594238281,180.23173213005066,0.007017756812274456,0.6334124207496643,0.3003862202167511
261,330.76824951171875,198.8778591156006,0.029244378209114075,0.6460317373275757,0.331463098526001
262,300.7263488769531,309.58603620529175,0.007092130836099386,0.5873561501502991,0.5159767270088196
263,323.5744934082031,188.1134033203125,0.023119011893868446,0.6319814324378967,0.3135223388671875
264,354.46368408203125,194.052654504776,0.09935572743415833,0.6923118829727173,0.32342109084129333
265,340.0670471191406,193.7100112438202,0.04462483152747154,0.6641934514045715,0.3228500187397003
266,307.02508544921875,233.74611139297485,-0.008912595920264721,0.5996583700180054,0.38957685232162476
267,278.3760681152344,269.86300349235535,-0.038040950894355774,0.5437032580375671,0.4497716724872589
268,277.18133544921875,276.48884654045105,-0.02896980568766594,0.5413697957992554,0.4608147442340851
269,288.46478271484375,271.2280333042145,-0.028438812121748924,0.5634077787399292,0.4520467221736908
270,294.8864440917969,273.2749342918396,-0.017068680375814438,0.5759500861167908,0.45545822381973267
271,285.2331848144531,276.02012157440186,-0.022904757410287857,0.5570960640907288,0.4600335359573364
272,291.4163513183594,276.1176824569702,-0.012637561187148094,0.5691725611686707,0.4601961374282837
273,305.4988708496094,283.35222601890564,0.006354090757668018,0.5966774821281433,0.4722537100315094
274,274.9422607421875,245.25638222694397,-0.08172360062599182,0.536996603012085,0.4087606370449066
275,275.7480773925781,237.36360669136047,-0.08737055957317352,0.5385704636573792,0.39560601115226746
276,335.58563232421875,175.41934847831726,0.010355722159147263,0.6554406881332397,0.29236558079719543
277,290.1979064941406,214.10120129585266,-0.013303232379257679,0.5667927861213684,0.35683533549308777
278,294.0075988769531,240.2636468410492,-0.04191521182656288,0.5742335915565491,0.40043941140174866
279,294.14154052734375,235.6607973575592,-0.03747722506523132,0.5744951963424683,0.392767995595932
280,329.5724792480469,231.19293451309204,0.01122214924544096,0.6436962485313416,0.38532155752182007
281,274.76824951171875,226.7409324645996,-0.07881932705640793,0.5366567373275757,0.377901554107666
282,316.39678955078125,167.44580268859863,-0.017928140237927437,0.6179624795913696,0.27907633781433105
283,327.661376953125,169.93142366409302,-0.005424555391073227,0.6399636268615723,0.28321903944015503
284,343.9337158203125,148.9025205373764,0.05664170905947685,0.6717455387115479,0.248170867562294
285,281.6981506347656,175.6211757659912,-0.030427586287260056,0.5501917004585266,0.29270195960998535
286,293.67425537109375,180.69607615470886,0.0003835620591416955,0.5735825300216675,0.30116012692451477
287,311.5604248046875,276.4757573604584,0.010692613199353218,0.6085164546966553,0.4607929289340973
288,348.6548767089844,266.4811670780182,0.1497272104024887,0.6809665560722351,0.44413527846336365
289,288.1134338378906,245.0372278690338,-0.035607051104307175,0.5627215504646301,0.408395379781723
290,281.678955078125,247.91513085365295,-0.037063878029584885,0.5501542091369629,0.41319188475608826
291,302.52435302734375,277.0616948604584,0.008695421740412712,0.5908678770065308,0.4617694914340973
292,300.4827575683594,277.06491351127625,0.004050363786518574,0.5868803858757019,0.4617748558521271
293,332.02166748046875,165.1852548122406,0.0018207513494417071,0.6484798192977905,0.275308758020401
294,294.3033752441406,243.40372681617737,-0.032776083797216415,0.5748112797737122,0.4056728780269623
295,301.2470703125,168.806791305542,-0.02652852237224579,0.5883731842041016,0.2813446521759033
296,302.737548828125,162.6344382762909,-0.030426444485783577,0.5912842750549316,0.2710573971271515
297,311.9465026855469,134.11881923675537,-0.005865643732249737,0.6092705130577087,0.22353136539459229
298,338.87689208984375,157.04739689826965,0.025361523032188416,0.6618689298629761,0.2617456614971161
299,307.7156066894531,148.59451353549957,-0.01894780993461609,0.6010070443153381,0.24765752255916595
300,340.4192199707031,172.02245593070984,0.023723160848021507,0.6648812890052795,0.28670409321784973
301,346.2283935546875,166.96802973747253,0.05455027520656586,0.676227331161499,0.2782800495624542
302,277.9825439453125,273.55400919914246,-0.03532496094703674,0.5429346561431885,0.4559233486652374
303,286.8645935058594,273.8827586174011,-0.026338206604123116,0.5602824091911316,0.4564712643623352
304,293.2056884765625,274.76288080215454,-0.016150712966918945,0.5726673603057861,0.45793813467025757
305,286.15509033203125,246.52610421180725,-0.03225616365671158,0.5588966608047485,0.4108768403530121
306,301.48846435546875,277.0882308483124,0.006156107876449823,0.5888446569442749,0.46181371808052063
307,297.7585754394531,278.88434529304504,-0.00428334716707468,0.5815597176551819,0.4648072421550751
308,299.34564208984375,277.06010341644287,0.003435193793848157,0.5846594572067261,0.4617668390274048
309,284.0101623535156,243.45290064811707,-0.058175720274448395,0.5547073483467102,0.40575483441352844
310,289.9599914550781,277.0068347454071,-0.009250884875655174,0.5663281083106995,0.46167805790901184
311,283.8067932128906,277.3694694042206,-0.015467044897377491,0.554310142993927,0.4622824490070343
312,276.3525390625,278.2192647457123,-0.020723601803183556,0.5397510528564453,0.46369877457618713
313,279.4205322265625,296.76743745803833,-0.014441300183534622,0.5457432270050049,0.4946123957633972
314,278.5693054199219,290.81300497055054,-0.028194503858685493,0.5440806746482849,0.48468834161758423
315,277.9082336425781,286.1272931098938,-0.02923959121108055,0.5427895188331604,0.476878821849823
316,277.0711364746094,281.58109188079834,-0.025018956512212753,0.5411545634269714,0.46930181980133057
317,276.1171569824219,278.16241979599,-0.02364509552717209,0.5392913222312927,0.46360403299331665
318,289.6272888183594,277.10527181625366,-0.011321334168314934,0.5656782984733582,0.4618421196937561
319,291.4156799316406,278.7950277328491,-0.013434374704957008,0.5691712498664856,0.46465837955474854
320,293.3141174316406,281.01950883865356,-0.015904666855931282,0.5728791356086731,0.4683658480644226
321,294.86395263671875,283.52190256118774,-0.013353725895285606,0.5759061574935913,0.47253650426864624
322,302.0447082519531,263.89744877815247,-0.013186940923333168,0.589931070804596,0.4398290812969208
323,354.35797119140625,226.899915933609,0.16851012408733368,0.6921054124832153,0.378166526556015
324,294.2615966796875,277.06282138824463,-0.0031736206728965044,0.5747296810150146,0.4617713689804077
325,295.96380615234375,277.9087543487549,-0.004502007272094488,0.5780543088912964,0.4631812572479248
326,278.9812927246094,251.34710669517517,-0.037574734538793564,0.5448853373527527,0.4189118444919586
327,291.3934020996094,248.11837077140808,-0.021055622026324272,0.5691277384757996,0.4135306179523468
328,280.30316162109375,249.70135688781738,-0.037694089114665985,0.5474671125411987,0.4161689281463623
329,298.3835144042969,218.3024525642395,-0.007260194979608059,0.5827803015708923,0.36383742094039917
330,311.3693542480469,223.13382625579834,-0.0022032258566468954,0.6081432700157166,0.37188971042633057
331,295.5118713378906,238.88781666755676,-0.028087779879570007,0.5771716237068176,0.3981463611125946
332,331.7449951171875,139.44849371910095,0.02277776412665844,0.6479394435882568,0.2324141561985016
333,326.7489013671875,150.59593319892883,0.0015548866940662265,0.6381814479827881,0.2509932219982147
334,319.1715087890625,161.5314781665802,-0.01563206873834133,0.6233818531036377,0.26921913027763367
335,298.7785949707031,288.45916986465454,-0.002150677377358079,0.5835519433021545,0.48076528310775757
336,284.3830261230469,165.37984013557434,-0.037809960544109344,0.5554355978965759,0.2756330668926239
337,287.5390319824219,149.39401745796204,-0.03051271103322506,0.5615996718406677,0.2489900290966034
338,290.2010498046875,132.26039707660675,-0.022198932245373726,0.5667989253997803,0.22043399512767792
339,320.3086242675781,195.9243893623352,0.01478965301066637,0.6256027817726135,0.32654064893722534
340,338.94464111328125,204.52104806900024,0.038713421672582626,0.6620012521743774,0.34086841344833374
341,288.0737609863281,194.90582942962646,0.006114255171269178,0.5626440644264221,0.32484304904937744
342,332.1052551269531,184.1488480567932,0.020339546725153923,0.6486430764198303,0.306914746761322
343,284.5356140136719,209.3081295490265,-0.01967298611998558,0.5557336211204529,0.3488468825817108
344,288.8831787109375,238.2881462574005,-0.05810662731528282,0.5642249584197998,0.39714691042900085
345,348.2841796875,209.8647952079773,0.056833263486623764,0.6802425384521484,0.34977465867996216
346,333.48077392578125,210.32763719558716,0.02501700446009636,0.6513296365737915,0.35054606199264526
347,323.345703125,213.52502703666687,0.010593242011964321,0.6315345764160156,0.35587504506111145
348,308.2994384765625,212.43426203727722,0.0033169356174767017,0.6021473407745361,0.35405710339546204
349,297.3168029785156,209.44620966911316,-0.0004497115733101964,0.5806968808174133,0.3490770161151886
350,289.21826171875,206.30732774734497,-0.005102344322949648,0.5648794174194336,0.34384554624557495
351,273.63287353515625,199.8061716556549,-0.03761781379580498,0.534439206123352,0.3330102860927582
352,346.96636962890625,226.49086117744446,0.054348498582839966,0.6776686906814575,0.3774847686290741
353,338.459716796875,183.67137908935547,0.02774692326784134,0.6610541343688965,0.3061189651489258
354,272.2608947753906,249.12782907485962,-0.07355964183807373,0.5317595601081848,0.41521304845809937
355,290.1216125488281,222.52094149589539,-0.018799135461449623,0.5666437745094299,0.3708682358264923
356,355.9897766113281,192.25764870643616,0.15258070826530457,0.6952925324440002,0.32042941451072693
357,283.13226318359375,202.55404114723206,-0.007927057333290577,0.5529927015304565,0.3375900685787201
358,295.9059143066406,238.90909552574158,-0.012120732106268406,0.5779412388801575,0.39818182587623596
359,327.1795959472656,188.7685239315033,0.026046758517622948,0.6390226483345032,0.3146142065525055
360,288.79766845703125,232.67608880996704,-0.052525583654642105,0.5640579462051392,0.38779348134994507
361,352.4637756347656,246.06739282608032,0.1632918119430542,0.6884058117866516,0.41011232137680054
362,288.10943603515625,192.10689067840576,0.009806185029447079,0.5627137422561646,0.32017815113067627
363,281.9525451660156,228.8785457611084,-0.06884648650884628,0.5506885647773743,0.38146424293518066
364,335.36334228515625,288.43186497688293,0.06645862758159637,0.6550065279006958,0.48071977496147156
365,335.38446044921875,296.87477946281433,0.09616794437170029,0.6550477743148804,0.49479129910469055
366,353.79144287109375,226.96924209594727,0.11128958314657211,0.690998911857605,0.3782820701599121
367,343.1446228027344,276.42694115638733,0.08582986146211624,0.6702043414115906,0.4607115685939789
368,350.5290832519531,179.1677176952362,0.08142071217298508,0.684627115726471,0.2986128628253937
369,303.7936096191406,318.3523893356323,0.017641650512814522,0.593346893787384,0.5305873155593872
370,271.3822021484375,250.5571961402893,-0.051907606422901154,0.530043363571167,0.4175953269004822
371,297.4151916503906,227.9366433620453,-0.012280735187232494,0.5808890461921692,0.3798944056034088
372,346.8762512207031,194.75401639938354,0.06072141230106354,0.6774926781654358,0.3245900273323059
373,313.1020812988281,191.92970395088196,0.009206085465848446,0.6115275025367737,0.3198828399181366
374,306.7402038574219,192.42101311683655,0.005265542771667242,0.5991019606590271,0.3207016885280609
375,299.3757019042969,280.03467321395874,-0.001429789001122117,0.5847181677818298,0.4667244553565979
376,346.0022277832031,242.21708178520203,0.06160140410065651,0.6757856011390686,0.40369513630867004
377,288.8510437011719,330.91485500335693,0.023266954347491264,0.5641621947288513,0.5515247583389282
378,314.329833984375,317.44011640548706,0.054504577070474625,0.6139254570007324,0.5290668606758118
379,324.7603454589844,308.8861584663391,0.07278555631637573,0.6342975497245789,0.5148102641105652
380,300.44256591796875,192.35288500785828,0.004485633224248886,0.5868018865585327,0.3205881416797638
381,294.32672119140625,192.1324610710144,0.006532807368785143,0.5748568773269653,0.3202207684516907
382,290.1637268066406,192.36245155334473,0.009573495015501976,0.56672602891922,0.3206040859222412
383,344.2340393066406,182.05955028533936,0.043841078877449036,0.6723321080207825,0.3034325838088989
384,295.4151916503906,186.08747720718384,0.0037222281098365784,0.5769827961921692,0.3101457953453064
385,302.11285400390625,183.23196172714233,0.0008192453533411026,0.5900641679763794,0.30538660287857056
386,309.023681640625,182.44482278823853,0.0015026178443804383,0.6035618782043457,0.3040747046470642
387,315.67425537109375,183.4285855293274,0.005334037821739912,0.6165512800216675,0.30571430921554565
388,319.6239929199219,185.29694080352783,0.010581500828266144,0.6242656111717224,0.3088282346725464
389,354.7901916503906,174.83099699020386,0.12455493211746216,0.6929495930671692,0.2913849949836731
390,317.47418212890625,191.01245999336243,0.014103519730269909,0.62006676197052,0.3183540999889374
391,294.64190673828125,259.9191963672638,-0.021888114511966705,0.5754724740982056,0.4331986606121063
392,288.0499267578125,243.94261837005615,-0.041829273104667664,0.5625975131988525,0.40657103061676025
393,279.616455078125,258.63481163978577,-0.036481887102127075,0.5461258888244629,0.43105801939964294
394,325.7720947265625,299.95928406715393,0.05118779465556145,0.6362736225128174,0.4999321401119232
395,315.5372314453125,309.33194160461426,0.035353947430849075,0.616283655166626,0.5155532360076904
396,288.65557861328125,325.0034809112549,0.002101944060996175,0.5637804269790649,0.5416724681854248
397,342.6878662109375,283.5098683834076,0.12471125274896622,0.6693122386932373,0.4725164473056793
398,290.45391845703125,189.8302674293518,0.007197768427431583,0.5672928094863892,0.3163837790489197
399,279.5610046386719,212.62688040733337,-0.041214875876903534,0.546017587184906,0.3543781340122223
400,302.77880859375,325.14681816101074,0.03565198555588722,0.591364860534668,0.5419113636016846
401,351.8804016113281,244.38284039497375,0.11100468784570694,0.6872664093971252,0.4073047339916229
402,283.5071105957031,277.3925542831421,-0.01804950274527073,0.5537248253822327,0.4623209238052368
403,285.1515808105469,280.1352560520172,-0.020106272771954536,0.5569366812705994,0.4668920934200287
404,286.6395263671875,283.61252546310425,-0.023310748860239983,0.5598428249359131,0.4726875424385071
405,287.81549072265625,287.73804903030396,-0.02177731692790985,0.562139630317688,0.4795634150505066
406,290.1975402832031,293.22627782821655,-0.010403848253190517,0.5667920708656311,0.4887104630470276
407,296.2567443847656,276.44181847572327,-0.0038963276892900467,0.5786264538764954,0.46073636412620544
408,297.9540710449219,275.8387506008148,-0.004051931668072939,0.581941545009613,0.45973125100135803
409,299.4537048339844,275.0848710536957,-0.0042367358691990376,0.5848705172538757,0.4584747850894928
410,308.0146789550781,269.68013048171997,-0.0015352553455159068,0.601591169834137,0.44946688413619995
411,336.10772705078125,247.50988483428955,0.029858257621526718,0.6564604043960571,0.4125164747238159
412,278.9388732910156,204.0566325187683,-0.027516895905137062,0.5448024868965149,0.3400943875312805
413,282.2481384277344,186.9404375553131,-0.0018220620695501566,0.5512658953666687,0.31156739592552185
414,287.1136169433594,187.28996515274048,0.004213633015751839,0.5607687830924988,0.31214994192123413
415,294.4475402832031,276.96617245674133,-0.001909168204292655,0.5750928521156311,0.4616102874279022
416,338.96044921875,265.9621059894562,0.0551244355738163,0.6620321273803711,0.44327017664909363
417,275.16766357421875,187.590891122818,-0.022359278053045273,0.537436842918396,0.31265148520469666
418,295.6056213378906,301.0937690734863,-0.0010223756544291973,0.5773547291755676,0.5018229484558105
419,273.8392333984375,208.89376401901245,-0.052730876952409744,0.5348422527313232,0.34815627336502075
420,285.6736755371094,225.27916431427002,-0.039394594728946686,0.5579563975334167,0.3754652738571167
421,282.64300537109375,305.8645248413086,-0.009948656894266605,0.5520371198654175,0.5097742080688477
422,314.2776794433594,285.96991896629333,0.016241416335105896,0.6138235926628113,0.4766165316104889
423,302.5915832519531,244.75767016410828,-0.008272191509604454,0.590999186038971,0.4079294502735138
424,305.992919921875,294.539612531662,0.008018320426344872,0.5976424217224121,0.49089935421943665
425,319.57171630859375,242.34046339988708,-0.0018312103347852826,0.6241635084152222,0.40390077233314514
426,309.7810974121094,252.3969054222107,-0.005282387603074312,0.6050412058830261,0.4206615090370178
427,326.8411865234375,254.53108549118042,0.012163904495537281,0.6383616924285889,0.42421847581863403
428,286.3597412109375,316.11889600753784,-0.007432185113430023,0.5592963695526123,0.5268648266792297
429,290.6744384765625,229.14907336235046,-0.02732633240520954,0.5677235126495361,0.3819151222705841
430,322.28399658203125,291.37027859687805,0.03214816004037857,0.6294609308242798,0.48561713099479675
431,311.9309997558594,301.13013982772827,0.021728863939642906,0.6092402338981628,0.5018835663795471
432,320.2010192871094,276.1841297149658,0.01829547807574272,0.6253926157951355,0.46030688285827637
433,344.998779296875,255.56214451789856,0.06852825731039047,0.673825740814209,0.42593690752983093
434,330.48101806640625,275.96985697746277,0.034287042915821075,0.6454707384109497,0.4599497616291046
435,349.1271057128906,260.70624589920044,0.10590210556983948,0.6818888783454895,0.43451040983200073
436,316.30804443359375,262.44510412216187,0.0032993063796311617,0.6177891492843628,0.4374085068702698
437,284.6806945800781,217.4723982810974,-0.029216043651103973,0.5560169816017151,0.36245399713516235
438,286.4761657714844,242.06303358078003,-0.06144656240940094,0.5595237612724304,0.40343838930130005
439,291.579833984375,243.1319296360016,-0.04358310624957085,0.5694918632507324,0.4052198827266693
440,282.85552978515625,237.52706050872803,-0.07354705780744553,0.5524522066116333,0.3958784341812134
441,288.2698669433594,179.8293113708496,-0.007582950871437788,0.5630270838737488,0.299715518951416
442,301.13555908203125,174.3616282939911,-0.011145786382257938,0.5881553888320923,0.2906027138233185
443,312.8721923828125,173.07000160217285,-0.01030685193836689,0.6110785007476807,0.2884500026702881
444,322.41448974609375,174.63632225990295,-0.0036953925155103207,0.6297158002853394,0.29106053709983826
445,328.9718933105469,178.23725938796997,0.006365766283124685,0.6425232291221619,0.29706209897994995
446,332.85321044921875,191.488516330719,0.03259998559951782,0.6501039266586304,0.319147527217865
447,355.035400390625,210.25434136390686,0.10609343647956848,0.6934285163879395,0.3504239022731781
448,326.33123779296875,202.16381549835205,0.021487539634108543,0.6373656988143921,0.3369396924972534
449,318.13323974609375,204.54878211021423,0.011877686716616154,0.6213539838790894,0.34091463685035706
450,307.619384765625,204.46255803108215,0.005442135501652956,0.6008191108703613,0.3407709300518036
451,297.8878479003906,202.91141867637634,0.0024972623214125633,0.5818122029304504,0.33818569779396057
452,290.3850402832031,201.05663537979126,0.0016411872347816825,0.5671582818031311,0.3350943922996521
453,285.2032775878906,198.99339079856873,0.000520687666721642,0.5570376515388489,0.3316556513309479
454,355.2667236328125,209.329354763031,0.16595937311649323,0.6938803195953369,0.348882257938385
455,291.3942565917969,244.9816882610321,-0.03549712151288986,0.5691294074058533,0.40830281376838684
456,280.0255432128906,220.53599953651428,-0.05269855633378029,0.546924889087677,0.3675599992275238
457,280.8777160644531,243.42582821846008,-0.07402563840150833,0.548589289188385,0.40570971369743347
458,276.6600036621094,247.35801815986633,-0.06714789569377899,0.5403515696525574,0.4122633635997772
459,280.8354187011719,244.45070028305054,-0.06609535217285156,0.5485066771507263,0.40741783380508423
460,289.07550048828125,247.32622504234314,-0.029945168644189835,0.5646005868911743,0.4122103750705719
461,274.99139404296875,248.3751654624939,-0.07135223597288132,0.5370925664901733,0.4139586091041565
462,274.19561767578125,249.7376561164856,-0.05212826654314995,0.5355383157730103,0.4162294268608093
463,285.3273620605469,192.69483089447021,0.0075895581394433975,0.5572800040245056,0.3211580514907837
464,281.16595458984375,194.98466849327087,-0.0017731725238263607,0.5491522550582886,0.3249744474887848
465,278.5087585449219,196.8020260334015,-0.01286211796104908,0.5439624190330505,0.3280033767223358
466,321.8662109375,186.81925535202026,0.016003649681806564,0.6286449432373047,0.31136542558670044
467,327.5188293457031,183.96747708320618,0.01634112000465393,0.6396852135658264,0.30661246180534363
468,222.57273864746094,191.29396677017212,0.00891502108424902,0.43471238017082214,0.31882327795028687
469,231.0951690673828,190.72986245155334,0.00891502108424902,0.45135775208473206,0.31788310408592224
470,221.8803253173828,184.3323290348053,0.00891502108424902,0.4333600103855133,0.30722054839134216
471,213.95846557617188,191.88085198402405,0.00891502108424902,0.4178876280784607,0.3198014199733734
472,223.1692657470703,198.27879667282104,0.00891502108424902,0.4358774721622467,0.3304646611213684
473,306.2022705078125,187.51260638237,0.00910006184130907,0.5980513095855713,0.3125210106372833
474,313.99859619140625,187.11735606193542,0.00910006184130907,0.6132785081863403,0.3118622601032257
475,305.84423828125,180.8253049850464,0.00910006184130907,0.5973520278930664,0.30137550830841064
476,298.3528747558594,187.77735829353333,0.00910006184130907,0.5827204585075378,0.31296226382255554
477,306.5798034667969,194.2027509212494,0.00910006184130907,0.5987886786460876,0.32367125153541565
