frame,status,rmse,angle_axis_x,angle_axis_y,angle_axis_z,translation_x,translation_y,translation_z,focal_length,expression_0,expression_1,expression_2,expression_3,expression_4,expression_5,expression_6,expression_7,expression_8,expression_9,expression_10,expression_11,expression_12,expression_13,expression_14,expression_15,expression_16,expression_17,expression_18,expression_19,expression_20,expression_21,expression_22,expression_23,expression_24,expression_25,expression_26,expression_27,expression_28,expression_29
0,initialized,0,0.09591452302,0.05854923705,1.619561059,-21.68606607,9.067277901,667.4786074,1.203529897,-0.2587029803,0.8497762557,0.05258206685,-0.07000322845,0.01295540221,0.4716944207,-0.2515496707,-0.03462499135,-0.5084305235,0.2907354058,0.04813181815,0.608987516,0.3344165952,1.098134944,0.3740301808,0.1376976335,-0.2199798545,0.03016600245,0.3666291856,0.3070770128,0.01221519759,-0.1849356284,0.5188094437,-0.2905038669,0.2975591476,-0.008294611291,-0.128294664,-0.1308894371,0.004312271967,0.09083807728
1,tracked,0.01115757446,0.09464649707,0.05527120903,1.62514846,-21.68623381,9.067078206,667.3621768,1.203529897,-0.2413848209,0.8044075087,0.05315927444,-0.06877695761,0.01430632526,0.4523672477,-0.2404725421,-0.030536959,-0.478712367,0.2754024003,0.04306468657,0.5735944908,0.3177950846,1.039374996,0.3530004482,0.1334117953,-0.2075642177,0.02985755538,0.3475998621,0.2909717008,0.01147689316,-0.1760016141,0.4899776999,-0.2743094687,0.2805717907,-0.006579843404,-0.1208234906,-0.1243621561,0.00386441706,0.08512891688
2,tracked,0.0109216858,0.094297985,0.05557010261,1.624957436,-21.68639937,9.066984617,667.589044,1.203529897,-0.2261665109,0.7546766566,0.05334217613,-0.06693213911,0.0150987011,0.430773811,-0.2284789595,-0.02544860401,-0.4449352011,0.2577092886,0.03749161335,0.533919502,0.2985929198,0.9727462695,0.3291165155,0.1288951271,-0.1933348807,0.02937520434,0.3265258584,0.272866397,0.01070486373,-0.1657425759,0.4578967003,-0.2559604024,0.2615542684,-0.004775452006,-0.1122146449,-0.1168263517,0.00316881646,0.07856722617
3,tracked,0.01149229232,0.09216598798,0.05534932115,1.620393237,-21.68654577,9.0668034,667.2716332,1.203529897,-0.2132533269,0.7077651716,0.05356724363,-0.06524791528,0.01613688269,0.4100790424,-0.2186957609,-0.02134311949,-0.4121995267,0.2399651547,0.03158154094,0.4956406701,0.2804213046,0.908709001,0.3063241024,0.1247115232,-0.1791127998,0.02906484113,0.3060104207,0.2553908885,0.009916161792,-0.1562205337,0.4270435146,-0.2385573178,0.2432368763,-0.002794098934,-0.1036274589,-0.1095382755,0.002249354064,0.07203339305
4,tracked,0.0113151182,0.09216110479,0.05431986588,1.620131895,-21.68666771,9.066388437,667.9468916,1.203529897,-0.2045331328,0.6683776724,0.05438695493,-0.06400107771,0.01686265236,0.3923472439,-0.209325455,-0.01614840494,-0.3818530245,0.2244098285,0.02553632515,0.4597738751,0.2642600477,0.8500536163,0.2844553998,0.1209140173,-0.1653321762,0.0289699505,0.2868777442,0.2391452114,0.00936579056,-0.147561664,0.3977786951,-0.2223855321,0.2260228151,-0.0007151245477,-0.09569835997,-0.1026435167,0.001018755461,0.06585519087
5,tracked,0.01215489675,0.0881635307,0.05340441209,1.621099225,-21.68684267,9.065648788,665.625321,1.203529897,-0.1993971725,0.6347552149,0.05560872328,-0.06308366989,0.01678365782,0.3772067473,-0.199340615,-0.009227564278,-0.353837099,0.2093684835,0.02069040584,0.4262205096,0.2495748189,0.7959995145,0.2641175688,0.1170622899,-0.1517899133,0.02928271506,0.2696159597,0.2242255778,0.009162138637,-0.1394626985,0.3715065515,-0.2075768602,0.2101767264,0.001351221837,-0.08805033138,-0.09614863119,-0.0001011451699,0.0599489814
6,tracked,0.01294751068,0.08460139059,0.0517912609,1.619715731,-21.68688264,9.064919389,661.9196837,1.203529897,-0.1967558352,0.6060617207,0.0576065041,-0.06294657676,0.01704548931,0.363810914,-0.1905597726,-0.00247263239,-0.3279330262,0.1954085863,0.0153361631,0.3949288067,0.2371373975,0.7460432249,0.2454107145,0.1140503265,-0.1387465997,0.02986218602,0.2542218853,0.2099976851,0.009159122302,-0.131101657,0.3476775188,-0.1935921839,0.1955180264,0.003776509295,-0.08079028736,-0.09025758654,-0.001197588236,0.05528021515
7,tracked,0.01302223878,0.08638346171,0.05039070917,1.624588109,-21.68703967,9.064146775,661.7489304,1.203529897,-0.2018994316,0.5837685692,0.05944951176,-0.06247152729,0.01594485436,0.3542019397,-0.1820914367,0.006447602133,-0.3035460664,0.1825469886,0.01038199739,0.365423697,0.2255535152,0.6999075065,0.2273646786,0.1113459629,-0.1259639007,0.03037827268,0.2404519144,0.1965590715,0.00954271288,-0.1236459697,0.3250532945,-0.1806983746,0.1822568656,0.005491805185,-0.07417030809,-0.08458661668,-0.002692945673,0.05021959277
8,tracked,0.01314995227,0.08749225615,0.04905403399,1.62176865,-21.68717852,9.063538487,658.2733465,1.203529897,-0.2083083642,0.5639641778,0.06142390639,-0.0625159554,0.01520621324,0.3457885364,-0.1743689379,0.01485427615,-0.2806204463,0.1702461391,0.005434001596,0.3380603503,0.2153420489,0.6571856104,0.210437802,0.1088747059,-0.114030119,0.03093655435,0.2279902543,0.1837830059,0.009904159673,-0.1170016825,0.3036043873,-0.1686219794,0.1700379849,0.006929279458,-0.06807442112,-0.07932403797,-0.00413897148,0.04534098407
9,tracked,0.01352754105,0.0881001006,0.04789725037,1.619244921,-21.68730772,9.062919413,655.093809,1.203529897,-0.216689235,0.5467906843,0.06316181382,-0.06262490374,0.01453034137,0.3384929161,-0.16877164,0.0220341166,-0.2593614862,0.1587143893,0.0001657773448,0.3129869944,0.2057905907,0.6182504367,0.194742207,0.1067314714,-0.1028480826,0.03147930037,0.2163219363,0.1721069676,0.01018539608,-0.1109745432,0.2835002117,-0.1573449094,0.1587869239,0.008695587639,-0.06231950571,-0.07423210669,-0.005629747047,0.04076554098
10,tracked,0.01366489627,0.09713931578,0.0490913163,1.619504864,-21.68732033,9.062460935,654.5193313,1.203529897,-0.2199259535,0.5325402984,0.06579168507,-0.06358106759,0.01462493281,0.332029291,-0.1617518799,0.03008501028,-0.2396918772,0.1494102938,-0.003711069106,0.289298474,0.1973702097,0.5819172658,0.1808107394,0.1044141607,-0.09257968268,0.03192090675,0.2059187108,0.1608552217,0.01086683332,-0.106000815,0.2644648091,-0.1465993965,0.1487154588,0.009863271274,-0.05706912265,-0.06937369527,-0.00671599236,0.03642705963
11,tracked,0.01377710834,0.09954305553,0.0506753716,1.623285438,-21.68736032,9.062269583,654.7223672,1.203529897,-0.2229596227,0.5220159617,0.06830008068,-0.06453039421,0.01516315252,0.325939784,-0.1544842017,0.0380610671,-0.2215570359,0.1415901917,-0.006480790038,0.268295944,0.1898106361,0.54889128,0.1677440445,0.1018922718,-0.08307391944,0.03203665884,0.1966105332,0.1508301549,0.01136933145,-0.1022427776,0.2464522289,-0.1360003959,0.139773074,0.01081261742,-0.05220690574,-0.06452017496,-0.007576277329,0.03233564021
12,tracked,0.01388510616,0.10218648,0.04805629397,1.626070613,-21.68753217,9.062360702,652.8277451,1.203529897,-0.2291116623,0.5160187085,0.06995274309,-0.06390562413,0.01562392467,0.3203398984,-0.1505098342,0.04441470825,-0.2047215923,0.13484075,-0.009527127754,0.2493883837,0.1828839822,0.5187543965,0.1556376788,0.09974431201,-0.07368775364,0.0317510321,0.1877222938,0.1416995187,0.01126439683,-0.09915404315,0.2290057312,-0.1259747384,0.1316553906,0.01189481962,-0.04768683622,-0.05961434324,-0.009023649957,0.0283430395
13,tracked,0.01417826116,0.105064696,0.05027881807,1.620782666,-21.68760327,9.062306453,652.3442658,1.203529897,-0.2383942968,0.5157904428,0.07173119166,-0.06257401968,0.01566787056,0.3160869219,-0.1471850868,0.05210405556,-0.1892267371,0.129761246,-0.01209880359,0.2312396297,0.1766391769,0.4904187162,0.1444946175,0.09769980398,-0.06375936769,0.03114658318,0.1794555704,0.1329191077,0.0117064801,-0.09605116945,0.2126307502,-0.1171477129,0.1243901392,0.01250899017,-0.04359340934,-0.05486992375,-0.01064063259,0.02458774022
14,tracked,0.01435272275,0.1045579976,0.04900465252,1.618073215,-21.68770885,9.062247216,653.5383671,1.203529897,-0.2462768014,0.5177191926,0.07353598042,-0.06112148858,0.0157464534,0.3121483237,-0.144347883,0.05950540868,-0.1749880467,0.1258890187,-0.01431687491,0.2140737859,0.1708616254,0.4639948072,0.1345480566,0.09578503569,-0.05407204725,0.03042023151,0.171479445,0.1247222212,0.01211070278,-0.09309469195,0.1975122157,-0.109195887,0.1175485937,0.01308304798,-0.03976942921,-0.05041568144,-0.01228381012,0.0210604304
15,tracked,0.01472577445,0.1026846701,0.04650836634,1.621155889,-21.68775243,9.062226243,653.8512445,1.203529897,-0.2503139916,0.5192714372,0.07551797451,-0.06001035099,0.0169700635,0.3079776029,-0.1417745346,0.06552810935,-0.1621169006,0.1221375911,-0.01611683736,0.1983767752,0.1660608491,0.4398274199,0.1255705944,0.09377415264,-0.045223658,0.03001483079,0.1640959784,0.1172555511,0.01213434757,-0.09037968328,0.183431571,-0.1013772863,0.1112167789,0.01399113045,-0.03617874604,-0.04630364842,-0.01357267057,0.01815325226
16,tracked,0.01516128113,0.1018697229,0.04753455118,1.623157169,-21.68779094,9.062377983,653.9985451,1.203529897,-0.2582272897,0.5220660255,0.07690555694,-0.05830671367,0.01794432779,0.3041865738,-0.1411435245,0.07067252444,-0.1499236234,0.1181584038,-0.01852650805,0.1836906766,0.1613316077,0.4176957549,0.1171137745,0.09191933419,-0.03677750199,0.02955689027,0.1568587242,0.1104736044,0.01197129697,-0.0882453192,0.1698919082,-0.09420630621,0.1054306412,0.01469684175,-0.03270778018,-0.04225435009,-0.01508996644,0.01497343773
17,tracked,0.01613781148,0.107777894,0.04874868918,1.620882343,-21.68781808,9.062582078,651.6514243,1.203529897,-0.2681585363,0.5261377076,0.07824730742,-0.05658795104,0.0182550794,0.30144929,-0.140756191,0.07611550241,-0.1386724113,0.114681902,-0.02086502557,0.1700596451,0.1565767238,0.3973690941,0.1093726121,0.09033324345,-0.02890230697,0.02905018608,0.1503958651,0.1039722406,0.0119259179,-0.08618891163,0.1573890535,-0.08746739087,0.1003322688,0.01517423665,-0.02957529619,-0.03827402578,-0.01651088779,0.01190307438
18,tracked,0.01713191038,0.1072773793,0.05198360225,1.616270309,-21.68778648,9.062824847,653.6452762,1.203529897,-0.2839442643,0.5315725454,0.07915782919,-0.05464875985,0.01766060065,0.2991663152,-0.1385295842,0.08329768067,-0.1279066421,0.111285396,-0.02319816729,0.1569200417,0.1520690502,0.3779426205,0.101738994,0.08916482549,-0.02101826023,0.02824580682,0.1452108734,0.09761915727,0.01263222786,-0.08353669124,0.146251061,-0.0813420986,0.09593695911,0.01496191713,-0.02664369139,-0.03469170945,-0.01785315732,0.00894907806
19,tracked,0.01782693652,0.1054889315,0.0521521436,1.61465596,-21.68772098,9.062729464,652.6736671,1.203529897,-0.2979220909,0.5362892845,0.0796890134,-0.05282512481,0.01723123288,0.2964394406,-0.1369905772,0.08919429788,-0.1179980882,0.1080217552,-0.02553883359,0.1443600736,0.1476060441,0.3597337464,0.09509348641,0.08831392469,-0.01359628981,0.02780328494,0.1399629233,0.09167233392,0.01329461526,-0.08095837175,0.1364850655,-0.07599225928,0.09151829583,0.01507819357,-0.02364662459,-0.03161287547,-0.01918523245,0.006071843869
20,tracked,0.01871681119,0.1027284129,0.05302729471,1.607073411,-21.68758127,9.062538932,651.5849702,1.203529897,-0.313223796,0.5415794894,0.07981614102,-0.05139212663,0.01662878313,0.2931948577,-0.1356676244,0.09355100233,-0.1097731595,0.1052338959,-0.02823575289,0.1342782715,0.1439208405,0.3438346224,0.08870667812,0.08776154157,-0.007089638119,0.02772131507,0.1351454747,0.08612241595,0.01322124514,-0.07804784264,0.1280743856,-0.07032322644,0.08716623108,0.01600224724,-0.02083882203,-0.0288662416,-0.02023683185,0.004382839252
21,tracked,0.01887193286,0.1076160052,0.05323475607,1.607865606,-21.68734266,9.062413108,649.6277679,1.203529897,-0.3301313604,0.5469162505,0.07972303012,-0.05021565953,0.01586678413,0.2899906311,-0.134131886,0.09751736253,-0.1020604484,0.1022904081,-0.03083736249,0.1254339798,0.1407954723,0.3290525921,0.08252072892,0.08743049629,-0.001106647842,0.02756467499,0.1310840721,0.08105737698,0.01316432659,-0.07541076925,0.1204502638,-0.06495777953,0.08331186885,0.01687797822,-0.01810844177,-0.02640756771,-0.02143763365,0.00294017057
22,tracked,0.01879855818,0.1106314633,0.05260767706,1.608665208,-21.68716373,9.062510666,649.8943661,1.203529897,-0.3435677037,0.5517401909,0.08020329866,-0.04968283399,0.01555552912,0.2874789952,-0.1322899522,0.1015679318,-0.09485023314,0.1001517546,-0.03326454268,0.1171664951,0.1382877388,0.3155091286,0.07660407401,0.0869409869,0.004326044769,0.02726000288,0.1274147179,0.07616508261,0.01309189742,-0.07320062387,0.1127958425,-0.0596076349,0.0797688846,0.01753327536,-0.01584700683,-0.02399682827,-0.022295589,0.001709463524
23,tracked,0.01915327424,0.1101022683,0.0536671782,1.604571321,-21.6869636,9.06254218,647.0470295,1.203529897,-0.3558953094,0.555946833,0.08043696386,-0.04906270035,0.01578774976,0.2846160505,-0.1319256712,0.1042450584,-0.08801364603,0.09749720728,-0.03565516889,0.1095565994,0.1358696092,0.3031472278,0.07126039694,0.08638967819,0.009303152885,0.0270703757,0.1235048586,0.07173058451,0.01280901734,-0.07178988283,0.1055318448,-0.05484575523,0.07629692654,0.01818729886,-0.01347978919,-0.02181538095,-0.02312450584,-2.261683892e-05
24,tracked,0.01893949078,0.1116976448,0.05264365689,1.60628817,-21.68679023,9.062794209,651.1193141,1.203529897,-0.3628660845,0.5587969703,0.08107483808,-0.04866213653,0.01658802493,0.2818465574,-0.1306270584,0.1070492855,-0.08181471521,0.09555788431,-0.03745665553,0.1021552038,0.1334880616,0.2916103782,0.06673083711,0.08559573478,0.01370941484,0.02693624588,0.1200533688,0.06760218415,0.01245185204,-0.07040392398,0.09876259248,-0.05008348847,0.07320735585,0.01878393913,-0.01153794355,-0.01949645166,-0.02340356062,-0.001390581403
25,tracked,0.01820248902,0.1113735073,0.05423622086,1.607835324,-21.68667902,9.063001929,647.9701037,1.203529897,-0.3730528027,0.5625145321,0.08139555681,-0.0478888189,0.01657961335,0.2799028217,-0.1299490948,0.1100016723,-0.0760901786,0.09358031939,-0.03921936613,0.09562931421,0.1312842843,0.2810438094,0.06203276507,0.08500631192,0.01794004581,0.02658460663,0.1169779093,0.06376057982,0.01209383128,-0.06904017462,0.09227177089,-0.04581643167,0.0703707633,0.01912976797,-0.009710579331,-0.01749516472,-0.02394524066,-0.002719370935
26,tracked,0.01715674355,0.1085240608,0.05297644961,1.606971856,-21.68661073,9.062988899,651.2051779,1.203529897,-0.3824148137,0.5654396683,0.08118061723,-0.04634699486,0.01623424378,0.2778993183,-0.1291657692,0.1127601646,-0.07128370254,0.09140808886,-0.04038177969,0.0896452148,0.1288140008,0.2711719712,0.05806809886,0.08436791196,0.02194407297,0.02650397268,0.1141627993,0.06037128055,0.01163056335,-0.06699888572,0.08729487233,-0.04210416542,0.06770734539,0.01975400116,-0.00787148987,-0.01560697464,-0.02445983003,-0.00363476172
27,tracked,0.01541338298,0.1072391729,0.05499059807,1.624194367,-21.68660569,9.063141023,648.2560017,1.203529897,-0.3814817635,0.5661212466,0.08266006626,-0.04632559522,0.01702332932,0.2769745276,-0.1283696597,0.1151295502,-0.06652502122,0.09032170321,-0.04107089364,0.08320749404,0.1269805172,0.2622619195,0.05468533594,0.08343805583,0.0253473704,0.02652276062,0.1110603586,0.05737582473,0.01114406969,-0.0657344831,0.08167531842,-0.03881670097,0.06509870216,0.02023413839,-0.006608341231,-0.0138357731,-0.02479725649,-0.004494696349
28,tracked,0.01480308389,0.1005636162,0.05430706058,1.621129297,-21.68666432,9.063231314,648.013309,1.203529897,-0.3788789308,0.5663105426,0.08411822927,-0.04615681318,0.01786077762,0.2763650481,-0.1284022085,0.1171416333,-0.06208537086,0.08955158076,-0.04195428186,0.07673217635,0.1253373666,0.2537970515,0.05184596877,0.08270429459,0.02870372551,0.02671357141,0.1081022695,0.05452828959,0.01081324494,-0.06417626319,0.07634283805,-0.03607642674,0.06257364626,0.02060441534,-0.005477999616,-0.01238820942,-0.02535880649,-0.00516546838
29,tracked,0.01440079384,0.1044856696,0.05313301803,1.630340807,-21.68663713,9.063447971,650.1120079,1.203529897,-0.3648746596,0.5631272925,0.08698448417,-0.04794696512,0.01894760089,0.2748998159,-0.1248968503,0.1197157544,-0.05769379398,0.09016894572,-0.04185035888,0.06972873186,0.1238241044,0.2451849995,0.05045476836,0.08169576176,0.03112247952,0.0270477082,0.1054660985,0.05172679517,0.01097089152,-0.06259369528,0.07213276974,-0.03351860209,0.05991399617,0.02087091091,-0.004576575007,-0.01108300434,-0.02549541932,-0.005451444741
30,tracked,0.01374158516,0.09134767876,0.05530278529,1.634758546,-21.68659854,9.063277164,648.9439251,1.203529897,-0.3321238044,0.5550155515,0.0915897536,-0.05174974239,0.02155429194,0.2719410747,-0.1185994758,0.1219173529,-0.0538516311,0.09269963163,-0.04084266044,0.06078295447,0.122457832,0.2361613338,0.05116010762,0.08009291277,0.0328001653,0.02818877206,0.1018834421,0.04875476536,0.01145144025,-0.06061392733,0.06920308695,-0.03160779631,0.05622209534,0.0213939794,-0.00388205028,-0.010451829,-0.02480464194,-0.005080983632
31,tracked,0.01459918733,0.09189411271,0.05122370511,1.640103322,-21.6864074,9.062960884,650.5456422,1.203529897,-0.2880830718,0.5430719234,0.09744486397,-0.05745494341,0.02556659781,0.2678302699,-0.1089960014,0.1241275167,-0.05026510652,0.09635413666,-0.03933826119,0.05124588243,0.1218224078,0.2273294054,0.05247174928,0.07795928872,0.03367528107,0.02957855938,0.09794398811,0.04623976571,0.01199221068,-0.05914366199,0.06639639659,-0.02986233278,0.05240281416,0.02173595463,-0.003345243397,-0.0104218566,-0.02354413204,-0.004552052972
32,tracked,0.01450573084,0.08694396863,0.04750525145,1.637107115,-21.686214,9.062807666,650.4875687,1.203529897,-0.2370954794,0.5290613571,0.1037941357,-0.06441948231,0.03020054044,0.2627643947,-0.09963190198,0.1249153873,-0.04671399742,0.1003373871,-0.03806037443,0.04170129384,0.121350779,0.2186476009,0.05433763372,0.07584797241,0.03407018209,0.0311035137,0.09375329518,0.04372672523,0.01233900591,-0.05768250709,0.06417584937,-0.0280800212,0.04847961247,0.02238475759,-0.002950252326,-0.01051562166,-0.02227426212,-0.003673094993
33,tracked,0.0150461819,0.08635954086,0.04338021672,1.634618332,-21.68604603,9.06276409,652.1970257,1.203529897,-0.1809474482,0.5135322095,0.1104083972,-0.07241550976,0.03494141747,0.2573676423,-0.08873848614,0.1255392249,-0.04354984976,0.1051099958,-0.03634762251,0.03293552515,0.1208124545,0.2106445722,0.05629880067,0.07340512929,0.03381700764,0.03269432732,0.08969883097,0.04117115905,0.01244955874,-0.05661535194,0.06228893004,-0.02599295155,0.04502980911,0.02308295706,-0.002974164791,-0.01049304135,-0.02068758152,-0.002401381936
34,tracked,0.01545310832,0.08304396471,0.04338747821,1.636111134,-21.6856885,9.062944687,651.1253445,1.203529897,-0.1204194619,0.4966752961,0.1170915549,-0.08231357626,0.0404070176,0.2503272107,-0.07550736084,0.1255210257,-0.0400638422,0.1102340559,-0.03445892657,0.02433724504,0.1204444321,0.2031325469,0.05805551938,0.07065046463,0.03319504339,0.03438264621,0.08569831896,0.03904207935,0.01261501757,-0.05622267201,0.06053089396,-0.02373239224,0.04190430204,0.02372850215,-0.003329911355,-0.01046656844,-0.01905583976,-0.001280490536
35,tracked,0.01538098013,0.07985482165,0.04851237594,1.646875057,-21.68528411,9.062953225,654.0367639,1.203529897,-0.06616100786,0.4806838151,0.1228893797,-0.09081533059,0.04529738467,0.2439433656,-0.06374796721,0.125508187,-0.03675039855,0.1145061355,-0.03250175947,0.01650017156,0.1198363543,0.1961403963,0.05952908775,0.06828803359,0.03261616094,0.03572686064,0.08207718324,0.03731902503,0.01304150494,-0.05567875137,0.05926792834,-0.02216021562,0.0390148939,0.02424848943,-0.003544959675,-0.0104831958,-0.01764858132,-0.0004059030751
36,tracked,0.01509525621,0.08224417446,0.049754672,1.651100026,-21.6849224,9.062704806,651.6783944,1.203529897,-0.0141721487,0.465072581,0.1284554533,-0.09870056975,0.04961719703,0.2382583599,-0.05365688434,0.1251844385,-0.03371959309,0.1180746039,-0.03063634786,0.009045509023,0.1193005493,0.1896452369,0.06090844245,0.06597265426,0.03234343687,0.03711793167,0.07837226784,0.03582866404,0.01345949347,-0.05515094423,0.0582596349,-0.0211148316,0.03626375367,0.02492343843,-0.003772539917,-0.0105944318,-0.0165780201,0.0003838351599
37,tracked,0.01522178858,0.08348082568,0.04981621402,1.643953872,-21.68456236,9.062460507,653.7170091,1.203529897,0.03585922201,0.4503865627,0.1333964732,-0.106684414,0.0533833004,0.2325703371,-0.04314423232,0.1249186771,-0.03081173851,0.1219586305,-0.02878779358,0.002335397052,0.1184545356,0.1838652154,0.06219097003,0.06380884275,0.03201026459,0.0385456003,0.07512471643,0.034461346,0.01394354682,-0.05482673165,0.05762910011,-0.01985971872,0.03384171397,0.02562027649,-0.004228680265,-0.01058229264,-0.01554390533,0.0009814481318
38,tracked,0.01529882919,0.08028396418,0.05297583615,1.643037106,-21.68415609,9.061838079,656.4091778,1.203529897,0.08338361944,0.4359684038,0.137563737,-0.1137700447,0.05579532533,0.2264514005,-0.03106641319,0.1255367257,-0.02884975788,0.1269457666,-0.02690792305,-0.003946705789,0.1169388315,0.1784904744,0.06354490912,0.06195146058,0.03151429509,0.03969742371,0.07221143518,0.03307275388,0.01498377949,-0.0531288387,0.05843348731,-0.01913429917,0.0312876045,0.02625233685,-0.004919539938,-0.0106906511,-0.01440395976,0.002351166423
39,tracked,0.01426402994,0.08724952984,0.05533517111,1.640899312,-21.68379723,9.061450893,658.9165853,1.203529897,0.126157162,0.4211196582,0.1407393133,-0.1188624983,0.05817499607,0.2202506692,-0.02280340838,0.124495226,-0.0268409052,0.1306874354,-0.02486077285,-0.009083018223,0.1148198624,0.1732492827,0.06474573213,0.06055141391,0.03095267964,0.04032659937,0.06905908825,0.03224760114,0.01546008863,-0.05229632412,0.05875226039,-0.01893260217,0.02919066386,0.02659614082,-0.005446434406,-0.01074933823,-0.01361019767,0.00318254349
40,tracked,0.01468135717,0.09364369498,0.05606620869,1.643185277,-21.68341503,9.06143375,660.9805886,1.203529897,0.1712157092,0.4033579948,0.14277457,-0.1227993685,0.06143282145,0.2118797087,-0.01493465981,0.1217779747,-0.02473243269,0.1334096231,-0.02178979015,-0.01370401065,0.1120224752,0.1676525074,0.06630052765,0.05896378321,0.02963260744,0.04052899879,0.065877289,0.0320739125,0.01569242873,-0.0521141564,0.05889019735,-0.01882041926,0.02746556937,0.02630333657,-0.005896297152,-0.01090636531,-0.01271344009,0.003330259332
41,tracked,0.0142522088,0.1000567402,0.05420316824,1.635240403,-21.68300569,9.061832452,660.9678861,1.203529897,0.2200796186,0.3839805951,0.1440597012,-0.1270537422,0.0653556207,0.2012833533,-0.00771108367,0.1166056243,-0.02235529526,0.1370313456,-0.01914336328,-0.01723397872,0.1088603455,0.1624962304,0.06806326623,0.05770500472,0.02776344379,0.04008177779,0.0627403079,0.03192581195,0.01574038698,-0.05240477616,0.05860461067,-0.01815330515,0.02615877854,0.02596507319,-0.006832263179,-0.01102009206,-0.01167998443,0.003504754454
42,tracked,0.01350168824,0.1022454244,0.05675599965,1.633781574,-21.68262679,9.062423688,662.9811349,1.203529897,0.2606959264,0.366966755,0.1438561249,-0.1285404602,0.06866035991,0.1905312306,-0.002281182014,0.1109912666,-0.02061248487,0.1407127579,-0.01677194177,-0.01973000616,0.1052964109,0.157798599,0.06972146894,0.05685505219,0.02595099624,0.03916283113,0.0599135296,0.03198793951,0.01554244215,-0.05212631311,0.05808836206,-0.01737752851,0.02510179962,0.02545525191,-0.007921205502,-0.01097388239,-0.01068934816,0.003878670999
43,tracked,0.01238473071,0.1092894884,0.06940562305,1.623595965,-21.68226869,9.062642156,667.0118793,1.203529897,0.2644783543,0.361400685,0.1414748064,-0.1241392155,0.06766681871,0.1850733527,-0.003963979761,0.1083534896,-0.0196876185,0.1422331184,-0.01646214663,-0.02165625406,0.1012343958,0.1538268083,0.07049695217,0.05780393215,0.02606564893,0.03732348399,0.05829356704,0.03173275727,0.01577404272,-0.04986258821,0.05757670994,-0.01815451198,0.0240947048,0.02451132036,-0.008142793952,-0.01089865757,-0.01086688417,0.003725854252
44,tracked,0.01324829013,0.1159477002,0.06928152735,1.616304649,-21.68211834,9.062856375,675.3816262,1.203529897,0.2379327462,0.3647513683,0.1364273264,-0.1157342757,0.06381645078,0.1832723003,-0.01011032813,0.1078040884,-0.01928329794,0.1410468402,-0.01702625767,-0.02099881525,0.09686038073,0.1507994556,0.06919341192,0.05978684765,0.02722351586,0.03463888482,0.05829853291,0.03147916682,0.0158147757,-0.04737233157,0.05668388772,-0.01885634356,0.02477383887,0.0230254772,-0.008021849256,-0.01030334708,-0.01159676346,0.003305355416
45,tracked,0.01355405111,0.1163887327,0.07112964164,1.613687736,-21.68193497,9.062971716,674.6112004,1.203529897,0.2048747697,0.3690081213,0.1305342669,-0.1061368911,0.06060993219,0.1816371103,-0.01926637376,0.1058877064,-0.01857854637,0.1381523209,-0.01808224172,-0.01970597906,0.09277513808,0.1482118184,0.06721502999,0.06227613025,0.02872489618,0.03159527011,0.05828551812,0.03152450293,0.01615499898,-0.04562970904,0.05521420348,-0.02024161515,0.02604116807,0.02122978946,-0.007768808946,-0.01001718923,-0.01273289642,0.002153896968
46,tracked,0.01331632498,0.1160461535,0.07082315861,1.614770087,-21.68177245,9.06291562,679.4463863,1.203529897,0.1699894395,0.3735514192,0.1241061898,-0.09614479644,0.0569318759,0.1799606489,-0.02747759011,0.1047176166,-0.01811577043,0.1348524847,-0.0184700373,-0.0180012935,0.08852318672,0.1455193615,0.06519859686,0.06462551937,0.0302297704,0.02864615251,0.05870390048,0.03167295136,0.01666103625,-0.04377531193,0.05448186361,-0.02163430618,0.02748743029,0.01946178635,-0.007441465053,-0.009659946172,-0.0136604835,0.001086767702
47,tracked,0.0134076951,0.1201322595,0.07307197384,1.610513458,-21.68162154,9.06310082,678.2155759,1.203529897,0.1350817142,0.3780331062,0.1180656799,-0.0869208267,0.05286496057,0.1788411786,-0.03549711961,0.1035536327,-0.01756485403,0.1317624044,-0.01907262531,-0.01593167102,0.08429054671,0.1427729643,0.06333141899,0.06726271227,0.03133656673,0.02572670279,0.05962315534,0.03159644859,0.01710601221,-0.04197109301,0.05378127299,-0.0226749978,0.02897755493,0.01793760584,-0.007258049994,-0.009157728978,-0.01452673967,0.0002477753597
48,tracked,0.01348282638,0.1193342775,0.07676638936,1.617414047,-21.6814765,9.063217663,679.8109862,1.203529897,0.1035788811,0.3810091809,0.1122781078,-0.07818879168,0.04925979994,0.1777815985,-0.0419851623,0.1028528228,-0.01724831905,0.1285568783,-0.01898392974,-0.01395265338,0.08030651671,0.1404005061,0.06162344237,0.06945571238,0.03206706488,0.02298927196,0.06077094893,0.03176140638,0.01775176297,-0.04028892056,0.05327050213,-0.0237410941,0.03073985147,0.01618136221,-0.007101927653,-0.008842557909,-0.01517881271,-0.0005852140974
49,tracked,0.01325917108,0.1210415343,0.0788236327,1.61528353,-21.68135375,9.062947539,679.3202453,1.203529897,0.07097499174,0.3829516784,0.106341775,-0.06962268676,0.04546867145,0.1771748506,-0.04853743338,0.1019857214,-0.01715252564,0.1246745874,-0.01933680562,-0.01202559636,0.07680121145,0.1389089813,0.0591056345,0.07104848251,0.03277141654,0.02066406575,0.06124383592,0.03224850589,0.01844263478,-0.03887982191,0.05248442817,-0.02542897114,0.03202722153,0.01446069542,-0.007121508458,-0.00878662998,-0.01626735722,-0.001747714842
50,tracked,0.01358999908,0.1174292281,0.07804386622,1.617213272,-21.68136367,9.062512303,683.033358,1.203529897,0.03850353193,0.3819016307,0.1000734265,-0.06134528467,0.04157267218,0.1767576617,-0.05506114864,0.1005192004,-0.01709887572,0.1194057617,-0.01988799646,-0.01001556856,0.07339797108,0.137615262,0.05624982505,0.07233599663,0.03297190232,0.01874179436,0.0614057041,0.03287619096,0.01889101196,-0.03770640907,0.05185486718,-0.0273437083,0.03295799859,0.01295161805,-0.006997997903,-0.008968241064,-0.01737001592,-0.003196378473
51,tracked,0.01445768481,0.1187611806,0.07815307185,1.619956127,-21.68137967,9.062379817,683.3407659,1.203529897,0.01415808014,0.3797707531,0.09500097018,-0.05473169022,0.03851627935,0.1760763887,-0.06143758441,0.09859867435,-0.01635772878,0.115129523,-0.02033129091,-0.008661810819,0.06983963105,0.1354137351,0.05455640667,0.07366368104,0.03271880835,0.01689164503,0.06135030981,0.0331642408,0.01924925549,-0.03739792395,0.05080182832,-0.02898989324,0.03366297199,0.01181761888,-0.006764707616,-0.008772304614,-0.01809222734,-0.00470022531
52,tracked,0.01345501568,0.11906947,0.07843311242,1.623813117,-21.68140329,9.061911813,683.7380089,1.203529897,0.001225870177,0.375298826,0.09014842126,-0.04944079088,0.03655746595,0.1745144773,-0.06614072711,0.0967016661,-0.01494634642,0.1105616587,-0.01904462711,-0.008250416753,0.06593595343,0.1323622618,0.05298543666,0.07388356405,0.03288683048,0.01559874608,0.06078106333,0.03353606079,0.02010381418,-0.03789615137,0.05056239051,-0.03124432213,0.03444285345,0.01046344003,-0.006885835895,-0.008468095513,-0.01896437043,-0.006770067769
53,tracked,0.0140622051,0.1186086879,0.07581912644,1.623928981,-21.68143872,9.061209727,686.9286716,1.203529897,-0.01192608077,0.3719495699,0.08516164592,-0.04432534821,0.03487801271,0.1729334458,-0.07125910052,0.09468746471,-0.01316342082,0.1061800327,-0.01778832407,-0.007717174553,0.06216724673,0.1295454873,0.05106398788,0.07410439294,0.03366245926,0.01410349621,0.05988663199,0.03434624591,0.02129013451,-0.03928037196,0.0500693678,-0.03386903269,0.03536949637,0.009133700291,-0.006863769277,-0.008293975148,-0.02002595992,-0.009483005438
54,tracked,0.01430509428,0.1182017351,0.07897403672,1.627246516,-21.68145807,9.060471827,687.5265273,1.203529897,-0.02555100592,0.3686307667,0.08023013738,-0.03895331652,0.03300026266,0.1715792043,-0.07574957595,0.09329413741,-0.01161644221,0.1014588883,-0.01607734905,-0.00729586284,0.05849496885,0.1267668809,0.04895142126,0.07404390628,0.03444189439,0.01280171429,0.05908788604,0.03524336548,0.02232196567,-0.04033359586,0.0498692911,-0.03647376357,0.03621968916,0.007671355104,-0.006846572605,-0.008125052018,-0.02112435808,-0.01213219723
55,tracked,0.01353573709,0.1243134257,0.07850861019,1.620277371,-21.68139625,9.060007538,685.2824742,1.203529897,-0.03304556921,0.3646571179,0.07593184056,-0.03483885064,0.03249358916,0.1689159415,-0.08168019969,0.08949539513,-0.009927929396,0.097798507,-0.01492267602,-0.006066840765,0.0554024096,0.1239451616,0.04773983021,0.07437614813,0.03490247316,0.01161962435,0.05793588659,0.03576273931,0.02281010421,-0.04190896536,0.04931486521,-0.0380951768,0.03700145251,0.007048881221,-0.006588132137,-0.007975879662,-0.02185482703,-0.01421357173
56,tracked,0.01342327688,0.1288672747,0.08017719543,1.619094727,-21.68131487,9.059589267,680.9136858,1.203529897,-0.03560801638,0.3600766548,0.0726821016,-0.03177815237,0.03239155167,0.1666440671,-0.08665371009,0.08577373196,-0.008838636132,0.09528289167,-0.01410245721,-0.005163387905,0.0529650781,0.1216774953,0.0469715235,0.07461645129,0.03500982798,0.01077993255,0.05684785243,0.0359995749,0.02325136479,-0.04282497475,0.04874623421,-0.03942331891,0.03766248365,0.006841655523,-0.006641767314,-0.007815302513,-0.02251174822,-0.01526197158
57,tracked,0.01296602315,0.1330571602,0.08408376453,1.617155015,-21.68124742,9.059485688,677.8530154,1.203529897,-0.03885149575,0.3565448523,0.07039348007,-0.02993690325,0.03208452421,0.1656525498,-0.0902443178,0.08318936135,-0.00812584983,0.0935892243,-0.01369532697,-0.004015995538,0.05100585346,0.1203175324,0.04588566841,0.07477389203,0.03449759023,0.009983571787,0.05633715401,0.03597440814,0.02331338876,-0.04360477434,0.04768810894,-0.04008493447,0.03837964986,0.006428099196,-0.007046672069,-0.007484156673,-0.02302871504,-0.01587091132
58,tracked,0.01332846946,0.134010825,0.0841796901,1.617726092,-21.68111219,9.059254653,675.2512838,1.203529897,-0.05011822257,0.3538235458,0.06867448502,-0.02855759305,0.03119281904,0.1651013029,-0.09372627743,0.08036463342,-0.008455396228,0.09165850052,-0.01521809257,-0.002011480041,0.05048072113,0.1206199908,0.04489338565,0.07537333843,0.03345282886,0.009454608074,0.05594831877,0.03598105544,0.02279728619,-0.04372822878,0.04677642382,-0.03987923532,0.03835960031,0.007017430123,-0.006706954536,-0.007627598331,-0.02316623102,-0.01577616896
59,tracked,0.01237489091,0.1374336953,0.08267976271,1.602809776,-21.68086504,9.059255507,670.6206135,1.203529897,-0.05255558211,0.3448078859,0.06777533135,-0.02969479701,0.03094090128,0.1630876886,-0.09275674972,0.07739758945,-0.009073449463,0.08977203743,-0.01610045546,0.000543280096,0.05057122075,0.1202242762,0.0447045964,0.07590866303,0.03072201984,0.009465764732,0.05670200901,0.03508484812,0.02194875846,-0.0425900605,0.04698780725,-0.03821067601,0.03773942835,0.007729276494,-0.006408869449,-0.008270348684,-0.02191010508,-0.01484128585
60,tracked,0.01195072719,0.139538172,0.08267658988,1.607555824,-21.68063895,9.05927373,665.1991758,1.203529897,-0.04468879834,0.3307224445,0.06813864419,-0.03312625583,0.03155597906,0.160305204,-0.08878918878,0.0734816923,-0.0106441802,0.08894198518,-0.01747767774,0.003333916376,0.05148921585,0.1212030918,0.04473215689,0.07575936068,0.02659383192,0.009994005595,0.05701330222,0.03432762298,0.02065986123,-0.04146462822,0.04701693751,-0.03590926162,0.03650040922,0.009062495737,-0.006402591994,-0.009300923394,-0.02004613825,-0.01313806937
61,tracked,0.01151291774,0.1427034659,0.08557637709,1.612766338,-21.68045276,9.059221875,665.6104823,1.203529897,-0.03720284802,0.3172276812,0.06926697959,-0.03762452831,0.03090546303,0.1593884404,-0.08108478354,0.07305162819,-0.01221569107,0.08883481778,-0.01791018144,0.005932465337,0.05212304287,0.1226037054,0.0441522413,0.07542991065,0.02220007185,0.01067269571,0.05827621566,0.03368334449,0.01990037783,-0.04027046353,0.0475969419,-0.03361268487,0.03527103218,0.009694283263,-0.006712554913,-0.01018015927,-0.01786890934,-0.01154857175
62,tracked,0.01165140736,0.1392120955,0.08586444929,1.612848225,-21.68036028,9.059335657,666.6094028,1.203529897,-0.02765613364,0.3028234966,0.07039008418,-0.04264560346,0.0302577381,0.1581160002,-0.07242936338,0.07295158482,-0.01320185967,0.08922191837,-0.01796018506,0.008416375977,0.05195439641,0.1234696033,0.04372044838,0.07532364297,0.01744759523,0.01126557309,0.05959609756,0.03304643551,0.01930253052,-0.03985362465,0.04815817661,-0.03142236219,0.0342184033,0.009983017373,-0.007030315784,-0.01099060447,-0.0155359049,-0.0102498506
63,tracked,0.01148934629,0.1387754783,0.08651172633,1.619532334,-21.68028994,9.059153858,665.3303302,1.203529897,-0.01440826228,0.2862590999,0.07144986,-0.04717084879,0.03028028875,0.156329005,-0.0660285285,0.07057676406,-0.01464073117,0.08898027657,-0.01916649071,0.01036077317,0.05232781269,0.1252778594,0.04335656226,0.07452792659,0.01306798069,0.01222753595,0.05947444785,0.03270576731,0.01844793596,-0.03914857198,0.04830310587,-0.02984592722,0.03278808174,0.01093685157,-0.007475964153,-0.01209445363,-0.01374446337,-0.008904498954
64,tracked,0.01164931461,0.1369271396,0.08773176102,1.620803362,-21.68022807,9.059380908,666.1362098,1.203529897,0.002837502837,0.2690632278,0.07287872863,-0.05250025713,0.03050121559,0.1537289898,-0.05828592358,0.06840544851,-0.01585426466,0.08887691704,-0.02009351082,0.01190487264,0.05254431379,0.1265343508,0.04329986724,0.07355294968,0.008604814643,0.01329159882,0.05965735551,0.03226160569,0.01716789162,-0.03828185078,0.04870621153,-0.02752794075,0.03131438876,0.01197271422,-0.007972188609,-0.01288795382,-0.01164922557,-0.007331589358
65,tracked,0.01202632737,0.132815716,0.08819463631,1.623421915,-21.68014431,9.059322516,664.1549047,1.203529897,0.02778872674,0.2503355824,0.07465893585,-0.05878928252,0.03225588718,0.1501699672,-0.05046141443,0.06509258728,-0.01630837108,0.08890925756,-0.02072455588,0.01298078001,0.05318850388,0.1281122551,0.04290282372,0.07241597206,0.004428161475,0.01473156206,0.05886585201,0.03232343774,0.01642329134,-0.03901732274,0.04877870031,-0.02591961665,0.02993306534,0.01279700129,-0.008736886592,-0.01396873433,-0.009920220602,-0.006485127882
66,tracked,0.0119986844,0.1392675721,0.08801621271,1.623495031,-21.67991498,9.059243452,664.4194286,1.203529897,0.05659438372,0.234082985,0.07762492198,-0.06649042278,0.034291055,0.1469786856,-0.04080290103,0.06341119435,-0.01632183869,0.08962567577,-0.02094276225,0.01313639896,0.05464972593,0.1292887303,0.0426125399,0.0712902566,0.0009336248242,0.01666652461,0.05850835354,0.03210725162,0.01598944439,-0.03978185034,0.04936630826,-0.02383554075,0.02844753642,0.01364369838,-0.009600802215,-0.014862823,-0.008301219063,-0.005487176547
67,tracked,0.01229740425,0.1438934288,0.09323131188,1.625549009,-21.67960034,9.059287148,665.3109255,1.203529897,0.08150074168,0.2258639931,0.08137953049,-0.07381245108,0.03569756083,0.145529502,-0.0303895362,0.06487110718,-0.01633651272,0.09281844144,-0.02027532096,0.01283341762,0.05620902807,0.1302727707,0.04269423531,0.07070522986,-0.001005252849,0.01796022982,0.05913983159,0.03178413617,0.01612317658,-0.04024063991,0.05011746655,-0.0216816648,0.02771551774,0.01418699432,-0.01034159434,-0.01541486963,-0.006855797329,-0.004290637098
68,tracked,0.01256808811,0.1421306693,0.09877606888,1.62835414,-21.67929761,9.059284399,664.3492365,1.203529897,0.1070706534,0.2222276614,0.08530740309,-0.08031256831,0.03714064023,0.1446573329,-0.02001057255,0.06769991712,-0.01645280525,0.09707849687,-0.01842716654,0.01181697631,0.05783461584,0.130888188,0.04302178824,0.06983100144,-0.001858612712,0.01914611559,0.05974668917,0.03142161189,0.01640207605,-0.04037088809,0.05112123221,-0.01977890239,0.02708905586,0.01444811973,-0.01119816976,-0.01569549005,-0.005821387675,-0.003024072913
69,tracked,0.01275129947,0.1404980839,0.09410570472,1.629187804,-21.67890766,9.058985656,664.9519417,1.203529897,0.1322128121,0.221110358,0.08904209971,-0.08555455276,0.03940214562,0.142946338,-0.01071509108,0.07007668686,-0.01729892135,0.1017875718,-0.01661992928,0.01078003989,0.06028029149,0.1313097735,0.04367631207,0.0688917372,-0.002017548501,0.02043128214,0.05999165281,0.03101144421,0.01669543601,-0.0399233616,0.05229562256,-0.01805985169,0.02636087802,0.01479376541,-0.01185129754,-0.01614938165,-0.004938157594,-0.0009658242142
70,tracked,0.01263445304,0.1445254101,0.09672281044,1.635711709,-21.67846667,9.058401448,660.8723167,1.203529897,0.1509445983,0.2216762757,0.09254324985,-0.08910485503,0.0411072982,0.1421694085,-0.005958093386,0.07118554005,-0.01801555304,0.1056960788,-0.01613174355,0.009496193341,0.06252324422,0.1322426118,0.04471286791,0.06859146798,-0.001303199816,0.02143719648,0.05938500835,0.03094268589,0.01731745684,-0.03934295035,0.05335589089,-0.01732887004,0.02564496844,0.01588186841,-0.01186807014,-0.01657982496,-0.0046958778,0.000561591998
71,tracked,0.01276589117,0.1505680471,0.09565758874,1.630208801,-21.67799049,9.058333873,658.3444138,1.203529897,0.1719759551,0.2221153461,0.09613956015,-0.09337958481,0.04356652344,0.1410015577,0.0002581766609,0.07274334144,-0.01844178828,0.1104256162,-0.01513924306,0.008470899795,0.06461993378,0.1327373923,0.04583942834,0.06817702726,-0.00116457814,0.02214559757,0.05960754766,0.03059640844,0.01779335736,-0.03928803085,0.05366700341,-0.01624696466,0.02547992999,0.01609887815,-0.01227437989,-0.01690028236,-0.004160027551,0.00219124094
72,tracked,0.01249420696,0.1534631927,0.09417170052,1.624986821,-21.67755561,9.058166306,657.5135452,1.203529897,0.192168171,0.2212258155,0.0991125996,-0.09713540528,0.0463390427,0.139404271,0.004571084192,0.07271409042,-0.01872919471,0.113915328,-0.01459135045,0.007812154464,0.06663013853,0.1332038152,0.04714682583,0.0678961979,-0.001104733431,0.0230501792,0.05952678917,0.03006861809,0.01804535593,-0.03946949043,0.05406202228,-0.01528580415,0.02523313417,0.01665706396,-0.01244580363,-0.01719393173,-0.00365068243,0.003439941268
73,tracked,0.01250185933,0.1515332556,0.09565893896,1.625343941,-21.67711189,9.058022074,657.4152793,1.203529897,0.2074274333,0.2210533976,0.1013123498,-0.09980235614,0.04892343737,0.1380444689,0.008161830458,0.07277239968,-0.01938197654,0.1168130974,-0.01384246127,0.007444218232,0.0684764136,0.133788985,0.04797419484,0.06735176275,-0.001159187465,0.02374302285,0.05935593789,0.02985550593,0.01818134375,-0.03977699105,0.05393395947,-0.01479053532,0.02505017125,0.01671409452,-0.01262066824,-0.01763077434,-0.003314972457,0.004471267073
74,tracked,0.01227587073,0.1579873502,0.09511431576,1.6178867,-21.67662505,9.057998911,656.9626902,1.203529897,0.2222405674,0.21955165,0.1035570312,-0.1030856034,0.05111934463,0.1363816012,0.01181539273,0.07244927418,-0.0196032112,0.1196601251,-0.01392160628,0.007116748004,0.07017518725,0.1340979779,0.04884418274,0.06702103012,-0.001512179129,0.02425304753,0.05925895637,0.02918182695,0.01813789723,-0.03994362029,0.05360952879,-0.01387376365,0.02478801886,0.01696582081,-0.01291846606,-0.01797660575,-0.002836413817,0.005443075274
75,tracked,0.01312316448,0.1532640023,0.09877095224,1.627150617,-21.67599029,9.058014067,662.9728711,1.203529897,0.2359479194,0.2207259672,0.1067709839,-0.1072594588,0.05379301576,0.1351926951,0.01801601893,0.07409243332,-0.02000684737,0.1239486287,-0.01426526961,0.006116628846,0.07297677166,0.1344425188,0.04957110312,0.06697259177,-0.001422345099,0.02519945783,0.05946615578,0.02811083942,0.01852222636,-0.039934536,0.05344368128,-0.01262001587,0.02443496116,0.01711454637,-0.01310893368,-0.01823289821,-0.002071596993,0.007199361707
76,tracked,0.01328749123,0.155737287,0.1016793158,1.624585817,-21.67534676,9.057999237,659.2986843,1.203529897,0.2486268761,0.2196289142,0.1095116378,-0.1104031681,0.05794972224,0.1328971344,0.02084657393,0.07253099413,-0.01921310916,0.1254775735,-0.01584465649,0.00518473943,0.0761914613,0.1352833907,0.05074804149,0.06737758331,-0.0006275653009,0.02668707645,0.05919833281,0.02725957986,0.01846321343,-0.04087071791,0.0531563475,-0.01197433256,0.0242091436,0.01797689731,-0.01280943474,-0.0184241696,-0.00140535745,0.00766322539
77,tracked,0.01229464831,0.1529949368,0.1037594705,1.625189974,-21.67482164,9.057989236,656.5684655,1.203529897,0.2520889106,0.2196064201,0.1109877452,-0.1107848717,0.0614587926,0.1315857526,0.01875793597,0.06927217323,-0.01937280494,0.1261115051,-0.01868193877,0.00489743747,0.07935117507,0.1367863262,0.05133201128,0.06761122885,0.0003496957759,0.02750829284,0.05801963906,0.0265613202,0.01777936858,-0.04092419771,0.05186927289,-0.01205804182,0.02358533344,0.01897692778,-0.01255248032,-0.01886613865,-0.001476262749,0.008308024066
78,tracked,0.01239245866,0.1544265118,0.1036814968,1.615603987,-21.67428632,9.057901529,658.6599831,1.203529897,0.2476321659,0.2231533225,0.1122203984,-0.1108329406,0.06234724818,0.1324522497,0.01842887776,0.06982426738,-0.01968578559,0.1273158417,-0.02000974684,0.004978765271,0.08115422011,0.1374174702,0.05176898193,0.06833328808,0.001054554038,0.02776602088,0.05844452251,0.02573259694,0.01761475773,-0.0402192911,0.05157144892,-0.01162369386,0.02328273717,0.01947529198,-0.01210647984,-0.01883329798,-0.001241625897,0.008991600061
79,tracked,0.01179450803,0.1537976148,0.0986110599,1.617614747,-21.6739176,9.057928144,663.6626478,1.203529897,0.2328100742,0.2282560479,0.1122549406,-0.1098992921,0.06186141053,0.1349450931,0.01584212363,0.07086461242,-0.01999074511,0.1270669028,-0.02142247866,0.005913449963,0.08226877622,0.1380704878,0.05065400937,0.06886300517,0.001684081661,0.02737768787,0.05882562076,0.02550588229,0.01725800883,-0.03993830063,0.05040380534,-0.01150373289,0.02330478752,0.01959627304,-0.01172550013,-0.01862812316,-0.00154755281,0.009189329652
80,tracked,0.01199119841,0.1443727535,0.0970133309,1.61755358,-21.67360956,9.057998717,667.8223922,1.203529897,0.2135580616,0.2299231521,0.1105906498,-0.1079728264,0.06119892023,0.1363174147,0.01083610862,0.06940765008,-0.02022295918,0.1243090329,-0.02372477492,0.007297014829,0.08248964802,0.1388748689,0.04919297281,0.06939267119,0.001609592183,0.02708637824,0.05876888115,0.02572815596,0.01669741421,-0.03973722726,0.04913683184,-0.01176977285,0.02328451398,0.01989382419,-0.01122441524,-0.0184693884,-0.002071762294,0.008885126117
81,tracked,0.01215957473,0.1430488052,0.09923777763,1.622196018,-21.67322025,9.058097426,668.3029968,1.203529897,0.193294597,0.228882966,0.1084058131,-0.1060730226,0.06024304054,0.1368471198,0.005750660218,0.06687770076,-0.02050104048,0.1201936425,-0.02619439585,0.009026371367,0.08218297959,0.1397242052,0.04756140826,0.06953356066,0.001015932769,0.02683980361,0.05848368105,0.02630475176,0.01576693886,-0.03940264929,0.04795357312,-0.01211337872,0.02330388825,0.02041703962,-0.01068199549,-0.01829467274,-0.002537179746,0.008532405799
82,tracked,0.01246093861,0.1403278208,0.1010670318,1.61561515,-21.67283772,9.058284724,669.4701248,1.203529897,0.1738401349,0.2262078413,0.1063628965,-0.1047519045,0.05889940663,0.137133496,0.0009868893724,0.06404950804,-0.02080479337,0.1162421386,-0.02906733058,0.0108773848,0.08192610532,0.1400831217,0.04602208268,0.07007949437,0.0001250911576,0.02643379011,0.05843656481,0.02651123403,0.01475397233,-0.03847517559,0.04714920351,-0.01223812174,0.02302009224,0.02108805611,-0.01017236977,-0.0183433467,-0.002851247313,0.008587180673
83,tracked,0.01190800675,0.1426558122,0.1007156324,1.617807943,-21.6725116,9.058579741,667.9679326,1.203529897,0.1545013511,0.2235975356,0.1033933968,-0.1019436521,0.0581421155,0.136932878,-0.005666148365,0.06034734173,-0.02074808722,0.1110215763,-0.03134467434,0.01232378303,0.08109535328,0.1402572491,0.04478235595,0.06998939839,-0.0005004473851,0.02605536963,0.05787153295,0.02695454115,0.01346835274,-0.03804961416,0.04581653752,-0.01244628743,0.02297987298,0.02142553768,-0.00957791911,-0.01821322792,-0.003423713434,0.007660098454
84,tracked,0.01206232856,0.1418399557,0.09945845976,1.61950195,-21.67222429,9.058814101,668.668053,1.203529897,0.1350882282,0.2217854287,0.100198879,-0.09852553001,0.05801386634,0.1367076205,-0.01321344195,0.05609850286,-0.02074225095,0.1061339255,-0.03401569477,0.01391170444,0.08052818986,0.1409819487,0.04328420318,0.06981487501,-0.0007009895683,0.0255388821,0.05703048129,0.02756166187,0.01230054984,-0.03792696808,0.04384102108,-0.01286965997,0.02340288301,0.02162203308,-0.009156632147,-0.01819796521,-0.004092869366,0.00654486714
