frame,image,landmarks
0,/Users/dingpengsen/Desktop/IN2354 3DSMC/face-reconstruction/sequences/talking/frames/frame_000000.png,/Users/dingpengsen/Desktop/IN2354 3DSMC/face-reconstruction/sequences/talking/landmarks/frame_000000.csv
1,/Users/dingpengsen/Desktop/IN2354 3DSMC/face-reconstruction/sequences/talking/frames/frame_000001.png,/Users/dingpengsen/Desktop/IN2354 3DSMC/face-reconstruction/sequences/talking/landmarks/frame_000001.csv
2,/Users/dingpengsen/Desktop/IN2354 3DSMC/face-reconstruction/sequences/talking/frames/frame_000002.png,/Users/dingpengsen/Desktop/IN2354 3DSMC/face-reconstruction/sequences/talking/landmarks/frame_000002.csv
3,/Users/dingpengsen/Desktop/IN2354 3DSMC/face-reconstruction/sequences/talking/frames/frame_000003.png,/Users/dingpengsen/Desktop/IN2354 3DSMC/face-reconstruction/sequences/talking/landmarks/frame_000003.csv
4,/Users/dingpengsen/Desktop/IN2354 3DSMC/face-reconstruction/sequences/talking/frames/frame_000004.png,/Users/dingpengsen/Desktop/IN2354 3DSMC/face-reconstruction/sequences/talking/landmarks/frame_000004.csv
5,/Users/dingpengsen/Desktop/IN2354 3DSMC/face-reconstruction/sequences/talking/frames/frame_000005.png,/Users/dingpengsen/Desktop/IN2354 3DSMC/face-reconstruction/sequences/talking/landmarks/frame_000005.csv
6,/Users/dingpengsen/Desktop/IN2354 3DSMC/face-reconstruction/sequences/talking/frames/frame_000006.png,/Users/dingpengsen/Desktop/IN2354 3DSMC/face-reconstruction/sequences/talking/landmarks/frame_000006.csv
7,/Users/dingpengsen/Desktop/IN2354 3DSMC/face-reconstruction/sequences/talking/frames/frame_000007.png,/Users/dingpengsen/Desktop/IN2354 3DSMC/face-reconstruction/sequences/talking/landmarks/frame_000007.csv
8,/Users/dingpengsen/Desktop/IN2354 3DSMC/face-reconstruction/sequences/talking/frames/frame_000008.png,/Users/dingpengsen/Desktop/IN2354 3DSMC/face-reconstruction/sequences/talking/landmarks/frame_000008.csv
9,/Users/dingpengsen/Desktop/IN2354 3DSMC/face-reconstruction/sequences/talking/frames/frame_000009.png,/Users/dingpengsen/Desktop/IN2354 3DSMC/face-reconstruction/sequences/talking/landmarks/frame_000009.csv
10,/Users/dingpengsen/Desktop/IN2354 3DSMC/face-reconstruction/sequences/talking/frames/frame_000010.png,/Users/dingpengsen/Desktop/IN2354 3DSMC/face-reconstruction/sequences/talking/landmarks/frame_000010.csv
11,/Users/dingpengsen/Desktop/IN2354 3DSMC/face-reconstruction/sequences/talking/frames/frame_000011.png,/Users/dingpengsen/Desktop/IN2354 3DSMC/face-reconstruction/sequences/talking/landmarks/frame_000011.csv
12,/Users/dingpengsen/Desktop/IN2354 3DSMC/face-reconstruction/sequences/talking/frames/frame_000012.png,/Users/dingpengsen/Desktop/IN2354 3DSMC/face-reconstruction/sequences/talking/landmarks/frame_000012.csv
13,/Users/dingpengsen/Desktop/IN2354 3DSMC/face-reconstruction/sequences/talking/frames/frame_000013.png,/Users/dingpengsen/Desktop/IN2354 3DSMC/face-reconstruction/sequences/talking/landmarks/frame_000013.csv
14,/Users/dingpengsen/Desktop/IN2354 3DSMC/face-reconstruction/sequences/talking/frames/frame_000014.png,/Users/dingpengsen/Desktop/IN2354 3DSMC/face-reconstruction/sequences/talking/landmarks/frame_000014.csv
15,/Users/dingpengsen/Desktop/IN2354 3DSMC/face-reconstruction/sequences/talking/frames/frame_000015.png,/Users/dingpengsen/Desktop/IN2354 3DSMC/face-reconstruction/sequences/talking/landmarks/frame_000015.csv
16,/Users/dingpengsen/Desktop/IN2354 3DSMC/face-reconstruction/sequences/talking/frames/frame_000016.png,/Users/dingpengsen/Desktop/IN2354 3DSMC/face-reconstruction/sequences/talking/landmarks/frame_000016.csv
17,/Users/dingpengsen/Desktop/IN2354 3DSMC/face-reconstruction/sequences/talking/frames/frame_000017.png,/Users/dingpengsen/Desktop/IN2354 3DSMC/face-reconstruction/sequences/talking/landmarks/frame_000017.csv
18,/Users/dingpengsen/Desktop/IN2354 3DSMC/face-reconstruction/sequences/talking/frames/frame_000018.png,/Users/dingpengsen/Desktop/IN2354 3DSMC/face-reconstruction/sequences/talking/landmarks/frame_000018.csv
19,/Users/dingpengsen/Desktop/IN2354 3DSMC/face-reconstruction/sequences/talking/frames/frame_000019.png,/Users/dingpengsen/Desktop/IN2354 3DSMC/face-reconstruction/sequences/talking/landmarks/frame_000019.csv
20,/Users/dingpengsen/Desktop/IN2354 3DSMC/face-reconstruction/sequences/talking/frames/frame_000020.png,/Users/dingpengsen/Desktop/IN2354 3DSMC/face-reconstruction/sequences/talking/landmarks/frame_000020.csv
21,/Users/dingpengsen/Desktop/IN2354 3DSMC/face-reconstruction/sequences/talking/frames/frame_000021.png,/Users/dingpengsen/Desktop/IN2354 3DSMC/face-reconstruction/sequences/talking/landmarks/frame_000021.csv
22,/Users/dingpengsen/Desktop/IN2354 3DSMC/face-reconstruction/sequences/talking/frames/frame_000022.png,/Users/dingpengsen/Desktop/IN2354 3DSMC/face-reconstruction/sequences/talking/landmarks/frame_000022.csv
23,/Users/dingpengsen/Desktop/IN2354 3DSMC/face-reconstruction/sequences/talking/frames/frame_000023.png,/Users/dingpengsen/Desktop/IN2354 3DSMC/face-reconstruction/sequences/talking/landmarks/frame_000023.csv
24,/Users/dingpengsen/Desktop/IN2354 3DSMC/face-reconstruction/sequences/talking/frames/frame_000024.png,/Users/dingpengsen/Desktop/IN2354 3DSMC/face-reconstruction/sequences/talking/landmarks/frame_000024.csv
25,/Users/dingpengsen/Desktop/IN2354 3DSMC/face-reconstruction/sequences/talking/frames/frame_000025.png,/Users/dingpengsen/Desktop/IN2354 3DSMC/face-reconstruction/sequences/talking/landmarks/frame_000025.csv
26,/Users/dingpengsen/Desktop/IN2354 3DSMC/face-reconstruction/sequences/talking/frames/frame_000026.png,/Users/dingpengsen/Desktop/IN2354 3DSMC/face-reconstruction/sequences/talking/landmarks/frame_000026.csv
27,/Users/dingpengsen/Desktop/IN2354 3DSMC/face-reconstruction/sequences/talking/frames/frame_000027.png,/Users/dingpengsen/Desktop/IN2354 3DSMC/face-reconstruction/sequences/talking/landmarks/frame_000027.csv
28,/Users/dingpengsen/Desktop/IN2354 3DSMC/face-reconstruction/sequences/talking/frames/frame_000028.png,/Users/dingpengsen/Desktop/IN2354 3DSMC/face-reconstruction/sequences/talking/landmarks/frame_000028.csv
29,/Users/dingpengsen/Desktop/IN2354 3DSMC/face-reconstruction/sequences/talking/frames/frame_000029.png,/Users/dingpengsen/Desktop/IN2354 3DSMC/face-reconstruction/sequences/talking/landmarks/frame_000029.csv
30,/Users/dingpengsen/Desktop/IN2354 3DSMC/face-reconstruction/sequences/talking/frames/frame_000030.png,/Users/dingpengsen/Desktop/IN2354 3DSMC/face-reconstruction/sequences/talking/landmarks/frame_000030.csv
31,/Users/dingpengsen/Desktop/IN2354 3DSMC/face-reconstruction/sequences/talking/frames/frame_000031.png,/Users/dingpengsen/Desktop/IN2354 3DSMC/face-reconstruction/sequences/talking/landmarks/frame_000031.csv
32,/Users/dingpengsen/Desktop/IN2354 3DSMC/face-reconstruction/sequences/talking/frames/frame_000032.png,/Users/dingpengsen/Desktop/IN2354 3DSMC/face-reconstruction/sequences/talking/landmarks/frame_000032.csv
33,/Users/dingpengsen/Desktop/IN2354 3DSMC/face-reconstruction/sequences/talking/frames/frame_000033.png,/Users/dingpengsen/Desktop/IN2354 3DSMC/face-reconstruction/sequences/talking/landmarks/frame_000033.csv
34,/Users/dingpengsen/Desktop/IN2354 3DSMC/face-reconstruction/sequences/talking/frames/frame_000034.png,/Users/dingpengsen/Desktop/IN2354 3DSMC/face-reconstruction/sequences/talking/landmarks/frame_000034.csv
35,/Users/dingpengsen/Desktop/IN2354 3DSMC/face-reconstruction/sequences/talking/frames/frame_000035.png,/Users/dingpengsen/Desktop/IN2354 3DSMC/face-reconstruction/sequences/talking/landmarks/frame_000035.csv
36,/Users/dingpengsen/Desktop/IN2354 3DSMC/face-reconstruction/sequences/talking/frames/frame_000036.png,/Users/dingpengsen/Desktop/IN2354 3DSMC/face-reconstruction/sequences/talking/landmarks/frame_000036.csv
37,/Users/dingpengsen/Desktop/IN2354 3DSMC/face-reconstruction/sequences/talking/frames/frame_000037.png,/Users/dingpengsen/Desktop/IN2354 3DSMC/face-reconstruction/sequences/talking/landmarks/frame_000037.csv
38,/Users/dingpengsen/Desktop/IN2354 3DSMC/face-reconstruction/sequences/talking/frames/frame_000038.png,/Users/dingpengsen/Desktop/IN2354 3DSMC/face-reconstruction/sequences/talking/landmarks/frame_000038.csv
39,/Users/dingpengsen/Desktop/IN2354 3DSMC/face-reconstruction/sequences/talking/frames/frame_000039.png,/Users/dingpengsen/Desktop/IN2354 3DSMC/face-reconstruction/sequences/talking/landmarks/frame_000039.csv
40,/Users/dingpengsen/Desktop/IN2354 3DSMC/face-reconstruction/sequences/talking/frames/frame_000040.png,/Users/dingpengsen/Desktop/IN2354 3DSMC/face-reconstruction/sequences/talking/landmarks/frame_000040.csv
41,/Users/dingpengsen/Desktop/IN2354 3DSMC/face-reconstruction/sequences/talking/frames/frame_000041.png,/Users/dingpengsen/Desktop/IN2354 3DSMC/face-reconstruction/sequences/talking/landmarks/frame_000041.csv
42,/Users/dingpengsen/Desktop/IN2354 3DSMC/face-reconstruction/sequences/talking/frames/frame_000042.png,/Users/dingpengsen/Desktop/IN2354 3DSMC/face-reconstruction/sequences/talking/landmarks/frame_000042.csv
43,/Users/dingpengsen/Desktop/IN2354 3DSMC/face-reconstruction/sequences/talking/frames/frame_000043.png,/Users/dingpengsen/Desktop/IN2354 3DSMC/face-reconstruction/sequences/talking/landmarks/frame_000043.csv
44,/Users/dingpengsen/Desktop/IN2354 3DSMC/face-reconstruction/sequences/talking/frames/frame_000044.png,/Users/dingpengsen/Desktop/IN2354 3DSMC/face-reconstruction/sequences/talking/landmarks/frame_000044.csv
45,/Users/dingpengsen/Desktop/IN2354 3DSMC/face-reconstruction/sequences/talking/frames/frame_000045.png,/Users/dingpengsen/Desktop/IN2354 3DSMC/face-reconstruction/sequences/talking/landmarks/frame_000045.csv
46,/Users/dingpengsen/Desktop/IN2354 3DSMC/face-reconstruction/sequences/talking/frames/frame_000046.png,/Users/dingpengsen/Desktop/IN2354 3DSMC/face-reconstruction/sequences/talking/landmarks/frame_000046.csv
47,/Users/dingpengsen/Desktop/IN2354 3DSMC/face-reconstruction/sequences/talking/frames/frame_000047.png,/Users/dingpengsen/Desktop/IN2354 3DSMC/face-reconstruction/sequences/talking/landmarks/frame_000047.csv
48,/Users/dingpengsen/Desktop/IN2354 3DSMC/face-reconstruction/sequences/talking/frames/frame_000048.png,/Users/dingpengsen/Desktop/IN2354 3DSMC/face-reconstruction/sequences/talking/landmarks/frame_000048.csv
49,/Users/dingpengsen/Desktop/IN2354 3DSMC/face-reconstruction/sequences/talking/frames/frame_000049.png,/Users/dingpengsen/Desktop/IN2354 3DSMC/face-reconstruction/sequences/talking/landmarks/frame_000049.csv
50,/Users/dingpengsen/Desktop/IN2354 3DSMC/face-reconstruction/sequences/talking/frames/frame_000050.png,/Users/dingpengsen/Desktop/IN2354 3DSMC/face-reconstruction/sequences/talking/landmarks/frame_000050.csv
51,/Users/dingpengsen/Desktop/IN2354 3DSMC/face-reconstruction/sequences/talking/frames/frame_000051.png,/Users/dingpengsen/Desktop/IN2354 3DSMC/face-reconstruction/sequences/talking/landmarks/frame_000051.csv
52,/Users/dingpengsen/Desktop/IN2354 3DSMC/face-reconstruction/sequences/talking/frames/frame_000052.png,/Users/dingpengsen/Desktop/IN2354 3DSMC/face-reconstruction/sequences/talking/landmarks/frame_000052.csv
53,/Users/dingpengsen/Desktop/IN2354 3DSMC/face-reconstruction/sequences/talking/frames/frame_000053.png,/Users/dingpengsen/Desktop/IN2354 3DSMC/face-reconstruction/sequences/talking/landmarks/frame_000053.csv
54,/Users/dingpengsen/Desktop/IN2354 3DSMC/face-reconstruction/sequences/talking/frames/frame_000054.png,/Users/dingpengsen/Desktop/IN2354 3DSMC/face-reconstruction/sequences/talking/landmarks/frame_000054.csv
55,/Users/dingpengsen/Desktop/IN2354 3DSMC/face-reconstruction/sequences/talking/frames/frame_000055.png,/Users/dingpengsen/Desktop/IN2354 3DSMC/face-reconstruction/sequences/talking/landmarks/frame_000055.csv
56,/Users/dingpengsen/Desktop/IN2354 3DSMC/face-reconstruction/sequences/talking/frames/frame_000056.png,/Users/dingpengsen/Desktop/IN2354 3DSMC/face-reconstruction/sequences/talking/landmarks/frame_000056.csv
57,/Users/dingpengsen/Desktop/IN2354 3DSMC/face-reconstruction/sequences/talking/frames/frame_000057.png,/Users/dingpengsen/Desktop/IN2354 3DSMC/face-reconstruction/sequences/talking/landmarks/frame_000057.csv
58,/Users/dingpengsen/Desktop/IN2354 3DSMC/face-reconstruction/sequences/talking/frames/frame_000058.png,/Users/dingpengsen/Desktop/IN2354 3DSMC/face-reconstruction/sequences/talking/landmarks/frame_000058.csv
59,/Users/dingpengsen/Desktop/IN2354 3DSMC/face-reconstruction/sequences/talking/frames/frame_000059.png,/Users/dingpengsen/Desktop/IN2354 3DSMC/face-reconstruction/sequences/talking/landmarks/frame_000059.csv
60,/Users/dingpengsen/Desktop/IN2354 3DSMC/face-reconstruction/sequences/talking/frames/frame_000060.png,/Users/dingpengsen/Desktop/IN2354 3DSMC/face-reconstruction/sequences/talking/landmarks/frame_000060.csv
61,/Users/dingpengsen/Desktop/IN2354 3DSMC/face-reconstruction/sequences/talking/frames/frame_000061.png,/Users/dingpengsen/Desktop/IN2354 3DSMC/face-reconstruction/sequences/talking/landmarks/frame_000061.csv
62,/Users/dingpengsen/Desktop/IN2354 3DSMC/face-reconstruction/sequences/talking/frames/frame_000062.png,/Users/dingpengsen/Desktop/IN2354 3DSMC/face-reconstruction/sequences/talking/landmarks/frame_000062.csv
63,/Users/dingpengsen/Desktop/IN2354 3DSMC/face-reconstruction/sequences/talking/frames/frame_000063.png,/Users/dingpengsen/Desktop/IN2354 3DSMC/face-reconstruction/sequences/talking/landmarks/frame_000063.csv
64,/Users/dingpengsen/Desktop/IN2354 3DSMC/face-reconstruction/sequences/talking/frames/frame_000064.png,/Users/dingpengsen/Desktop/IN2354 3DSMC/face-reconstruction/sequences/talking/landmarks/frame_000064.csv
65,/Users/dingpengsen/Desktop/IN2354 3DSMC/face-reconstruction/sequences/talking/frames/frame_000065.png,/Users/dingpengsen/Desktop/IN2354 3DSMC/face-reconstruction/sequences/talking/landmarks/frame_000065.csv
66,/Users/dingpengsen/Desktop/IN2354 3DSMC/face-reconstruction/sequences/talking/frames/frame_000066.png,/Users/dingpengsen/Desktop/IN2354 3DSMC/face-reconstruction/sequences/talking/landmarks/frame_000066.csv
67,/Users/dingpengsen/Desktop/IN2354 3DSMC/face-reconstruction/sequences/talking/frames/frame_000067.png,/Users/dingpengsen/Desktop/IN2354 3DSMC/face-reconstruction/sequences/talking/landmarks/frame_000067.csv
68,/Users/dingpengsen/Desktop/IN2354 3DSMC/face-reconstruction/sequences/talking/frames/frame_000068.png,/Users/dingpengsen/Desktop/IN2354 3DSMC/face-reconstruction/sequences/talking/landmarks/frame_000068.csv
69,/Users/dingpengsen/Desktop/IN2354 3DSMC/face-reconstruction/sequences/talking/frames/frame_000069.png,/Users/dingpengsen/Desktop/IN2354 3DSMC/face-reconstruction/sequences/talking/landmarks/frame_000069.csv
70,/Users/dingpengsen/Desktop/IN2354 3DSMC/face-reconstruction/sequences/talking/frames/frame_000070.png,/Users/dingpengsen/Desktop/IN2354 3DSMC/face-reconstruction/sequences/talking/landmarks/frame_000070.csv
71,/Users/dingpengsen/Desktop/IN2354 3DSMC/face-reconstruction/sequences/talking/frames/frame_000071.png,/Users/dingpengsen/Desktop/IN2354 3DSMC/face-reconstruction/sequences/talking/landmarks/frame_000071.csv
72,/Users/dingpengsen/Desktop/IN2354 3DSMC/face-reconstruction/sequences/talking/frames/frame_000072.png,/Users/dingpengsen/Desktop/IN2354 3DSMC/face-reconstruction/sequences/talking/landmarks/frame_000072.csv
73,/Users/dingpengsen/Desktop/IN2354 3DSMC/face-reconstruction/sequences/talking/frames/frame_000073.png,/Users/dingpengsen/Desktop/IN2354 3DSMC/face-reconstruction/sequences/talking/landmarks/frame_000073.csv
74,/Users/dingpengsen/Desktop/IN2354 3DSMC/face-reconstruction/sequences/talking/frames/frame_000074.png,/Users/dingpengsen/Desktop/IN2354 3DSMC/face-reconstruction/sequences/talking/landmarks/frame_000074.csv
75,/Users/dingpengsen/Desktop/IN2354 3DSMC/face-reconstruction/sequences/talking/frames/frame_000075.png,/Users/dingpengsen/Desktop/IN2354 3DSMC/face-reconstruction/sequences/talking/landmarks/frame_000075.csv
76,/Users/dingpengsen/Desktop/IN2354 3DSMC/face-reconstruction/sequences/talking/frames/frame_000076.png,/Users/dingpengsen/Desktop/IN2354 3DSMC/face-reconstruction/sequences/talking/landmarks/frame_000076.csv
77,/Users/dingpengsen/Desktop/IN2354 3DSMC/face-reconstruction/sequences/talking/frames/frame_000077.png,/Users/dingpengsen/Desktop/IN2354 3DSMC/face-reconstruction/sequences/talking/landmarks/frame_000077.csv
78,/Users/dingpengsen/Desktop/IN2354 3DSMC/face-reconstruction/sequences/talking/frames/frame_000078.png,/Users/dingpengsen/Desktop/IN2354 3DSMC/face-reconstruction/sequences/talking/landmarks/frame_000078.csv
79,/Users/dingpengsen/Desktop/IN2354 3DSMC/face-reconstruction/sequences/talking/frames/frame_000079.png,/Users/dingpengsen/Desktop/IN2354 3DSMC/face-reconstruction/sequences/talking/landmarks/frame_000079.csv
80,/Users/dingpengsen/Desktop/IN2354 3DSMC/face-reconstruction/sequences/talking/frames/frame_000080.png,/Users/dingpengsen/Desktop/IN2354 3DSMC/face-reconstruction/sequences/talking/landmarks/frame_000080.csv
81,/Users/dingpengsen/Desktop/IN2354 3DSMC/face-reconstruction/sequences/talking/frames/frame_000081.png,/Users/dingpengsen/Desktop/IN2354 3DSMC/face-reconstruction/sequences/talking/landmarks/frame_000081.csv
82,/Users/dingpengsen/Desktop/IN2354 3DSMC/face-reconstruction/sequences/talking/frames/frame_000082.png,/Users/dingpengsen/Desktop/IN2354 3DSMC/face-reconstruction/sequences/talking/landmarks/frame_000082.csv
83,/Users/dingpengsen/Desktop/IN2354 3DSMC/face-reconstruction/sequences/talking/frames/frame_000083.png,/Users/dingpengsen/Desktop/IN2354 3DSMC/face-reconstruction/sequences/talking/landmarks/frame_000083.csv
84,/Users/dingpengsen/Desktop/IN2354 3DSMC/face-reconstruction/sequences/talking/frames/frame_000084.png,/Users/dingpengsen/Desktop/IN2354 3DSMC/face-reconstruction/sequences/talking/landmarks/frame_000084.csv
